OBJECTID,NAME,NAME_FR,FACILITY_GROUP_NAME,FACILITY_GROUP_NAME_FR,ADDRESS,ADDRESS_FR,SEASONAL,SEASON_START,SEASON_END,HOURS_SUNDAY_OPEN,HOURS_SUNDAY_CLOSED,HOURS_SUNDAY_SPECIAL,HOURS_MONDAY_OPEN,HOURS_TUESDAY_OPEN,HOURS_TUESDAY_CLOSED,HOURS_TUESDAY_SPECIAL,HOURS_WEDNESDAY_OPEN,HOURS_WEDNESDAY_CLOSED,HOURS_WEDNESDAY_SPECIAL,HOURS_THURSDAY_OPEN,HOURS_THURSDAY_CLOSED,HOURS_THURSDAY_SPECIAL,HOURS_FRIDAY_OPEN,HOURS_FRIDAY_CLOSED,HOURS_FRIDAY_SPECIAL,HOURS_SATURDAY_OPEN,HOURS_SATURDAY_CLOSED,HOURS_SATURDAY_SPECIAL,STAT_HOLIDAY_AVAILABILITY,CHANGE_STATION_CHILD,CHANGE_STATION_ADULT,FAMILY_TOILET,ACCESSIBILITY,REPORT_TELEPHONE,SPECIAL_TOILET_TYPE,X_COORDINATE,Y_COORDINATE,JURISDICTION,HOURS_MONDAY_CLOSED,HOURS_MONDAY_SPECIAL,HOURS_SUNDAY_SPECIAL_FR,HOURS_MONDAY_SPECIAL_FR,HOURS_TUESDAY_SPECIAL_FR,HOURS_WEDNESDAY_SPECIAL_FR,HOURS_THURSDAY_SPECIAL_FR,HOURS_FRIDAY_SPECIAL_FR,HOURS_SATURDAY_SPECIAL_FR
1,Carlington Park,Parc Carlington,NA,NA,937 Clyde Ave,937 av. Clyde,1,MAY,SEP,05:00,23:00,NA,05:00,05:00,23:00,NA,05:00,23:00,NA,05:00,23:00,NA,05:00,23:00,NA,05:00,23:00,NA,1,0,0,0,0,311,1,-75.74531902,45.37556867,OTTAWA,23:00,NA,NA,NA,NA,NA,NA,NA,NA
2,Carlington Park,Parc Carlington,NA,NA,937 Clyde Ave,937 av. Clyde,1,MAY,SEP,05:00,23:00,NA,05:00,05:00,23:00,NA,05:00,23:00,NA,05:00,23:00,NA,05:00,23:00,NA,05:00,23:00,NA,1,0,0,0,0,311,1,-75.74531902,45.37556867,OTTAWA,23:00,NA,NA,NA,NA,NA,NA,NA,NA
3,Walter Upton-Collins Park,Parc Walter-Upton-Collins,NA,NA,"894 River Road, Gloucester","894, chemin River, Gloucester",1,MAY,OCT,05:00,23:00,NA,05:00,05:00,23:00,NA,05:00,23:00,NA,05:00,23:00,NA,05:00,23:00,NA,05:00,23:00,NA,1,0,0,0,0,311,1,-75.69183381,45.24286036,OTTAWA,23:00,NA,NA,NA,NA,NA,NA,NA,NA
4,Lynda Lane Park,Parc Lynda-Lane,NA,NA,580 Smyth Rd.,"580, ch. Smyth",1,MAY,OCT,05:00,23:00,NA,05:00,05:00,23:00,NA,05:00,23:00,NA,05:00,23:00,NA,05:00,23:00,NA,05:00,23:00,NA,1,0,0,0,1,311,1,-75.64652646,45.39826687,OTTAWA,23:00,NA,NA,NA,NA,NA,NA,NA,NA
5,Kilborn Allotment Garden,Jardins Collectifs Kilborn,NA,NA,1975 Kilborn Ave.,"1975, av. Kilborn",1,APR,OCT,05:00,23:00,NA,05:00,05:00,23:00,NA,05:00,23:00,NA,05:00,23:00,NA,05:00,23:00,NA,05:00,23:00,NA,1,0,0,0,0,311,1,-75.64041931,45.39313248,OTTAWA,23:00,NA,NA,NA,NA,NA,NA,NA,NA
6,Andrew Haydon Park,Parc Andrew-Haydon,NA,NA,3127 Carling Ave,"3127, av. Carling",1,APR,OCT,05:00,23:00,NA,05:00,05:00,23:00,NA,05:00,23:00,NA,05:00,23:00,NA,05:00,23:00,NA,05:00,23:00,NA,1,0,0,0,0,311,1,-75.82045515,45.34925251,OTTAWA,23:00,NA,NA,NA,NA,NA,NA,NA,NA
7,Stuemer Park,Parc Stuemer,NA,NA,777 Trim Rd,"777, ch. Trim",1,APR,OCT,05:00,23:00,NA,05:00,05:00,23:00,NA,05:00,23:00,NA,05:00,23:00,NA,05:00,23:00,NA,05:00,23:00,NA,1,0,0,0,1,311,1,-75.48818011,45.50540125,OTTAWA,23:00,NA,NA,NA,NA,NA,NA,NA,NA
8,Kinburn Community Centre,Centre communautaire de Kinburn,NA,NA,3045 Kinburn Side Rd.,"3045, ch. Kinburn Side",1,MAY,OCT,05:00,23:00,NA,05:00,05:00,23:00,NA,05:00,23:00,NA,05:00,23:00,NA,05:00,23:00,NA,05:00,23:00,NA,1,0,0,0,0,311,1,-76.1881966,45.39350733,OTTAWA,23:00,NA,NA,NA,NA,NA,NA,NA,NA
9,Nepean Creek Park / Charmaine Hooper Fields,Parc Nepean Creek / Terrains Charmaine-Hooper,NA,NA,15 Colonnade Rd,"15, ch. Colonnade",1,MAY,SEP,05:00,23:00,NA,05:00,05:00,23:00,NA,05:00,23:00,NA,05:00,23:00,NA,05:00,23:00,NA,05:00,23:00,NA,1,0,0,0,0,311,1,-75.71677385,45.34463693,OTTAWA,23:00,NA,NA,NA,NA,NA,NA,NA,NA
10,Walter Baker Park,Parc Walter-Baker,NA,NA,100 Charlie Rogers Pl.,"100, pl. Charlie-Rogers",1,MAY,OCT,05:00,23:00,NA,05:00,05:00,23:00,NA,05:00,23:00,NA,05:00,23:00,NA,05:00,23:00,NA,05:00,23:00,NA,1,0,0,0,0,311,1,-75.90565235,45.29749079,OTTAWA,23:00,NA,NA,NA,NA,NA,NA,NA,NA
11,Beacon Hill North Recreation Centre,Centre récréatif de Beacon Hill Nord,NA,NA,2132 Radford Crt,"2132, cour Radford",1,JUN,AUG,05:00,23:00,NA,05:00,05:00,23:00,NA,05:00,23:00,NA,05:00,23:00,NA,05:00,23:00,NA,05:00,23:00,NA,1,0,0,0,0,311,1,-75.59917072,45.45923291,OTTAWA,23:00,NA,NA,NA,NA,NA,NA,NA,NA
12,Dumaurier Park,Parc Dumaurier,NA,NA,2850 Dumaurier Ave.,"2850, av. Dumaurier",1,MAY,SEP,05:00,23:00,NA,05:00,05:00,23:00,NA,05:00,23:00,NA,05:00,23:00,NA,05:00,23:00,NA,05:00,23:00,NA,1,0,0,0,0,311,1,-75.79275125,45.35146977,OTTAWA,23:00,NA,NA,NA,NA,NA,NA,NA,NA
13,W.C. Levesque Fields,Terrains W.-C.-Levesque,NA,NA,52 Riverstone Dr.,"52, prom. Riverstone",1,MAY,OCT,05:00,23:00,NA,05:00,05:00,23:00,NA,05:00,23:00,NA,05:00,23:00,NA,05:00,23:00,NA,05:00,23:00,NA,1,0,0,0,0,311,1,-75.72838325,45.26212963,OTTAWA,23:00,NA,NA,NA,NA,NA,NA,NA,NA
14,Harkness Park,Parc Harkness,NA,NA,6020 Piperville Rd.,"6020, ch. Piperville",1,MAY,OCT,05:00,23:00,NA,05:00,05:00,23:00,NA,05:00,23:00,NA,05:00,23:00,NA,05:00,23:00,NA,05:00,23:00,NA,1,0,0,0,0,311,1,-75.46460951,45.36515293,OTTAWA,23:00,NA,NA,NA,NA,NA,NA,NA,NA
15,Grenfell Glen Park,Parc Grenfell Glen,NA,NA,53 Avonlea Rd.,"53, ch. Avonlea",1,MAY,OCT,05:00,23:00,NA,05:00,05:00,23:00,NA,05:00,23:00,NA,05:00,23:00,NA,05:00,23:00,NA,05:00,23:00,NA,1,0,0,0,0,311,1,-75.73243097,45.31564964,OTTAWA,23:00,NA,NA,NA,NA,NA,NA,NA,NA
16,Lytle Park (Nepean),Parc Lytle (Nepean),NA,NA,4401 O'Keefe Crt.,"4401, cour O'Keefe",1,MAY,OCT,05:00,23:00,NA,05:00,05:00,23:00,NA,05:00,23:00,NA,05:00,23:00,NA,05:00,23:00,NA,05:00,23:00,NA,1,0,0,0,0,311,1,-75.79294885,45.27457243,OTTAWA,23:00,NA,NA,NA,NA,NA,NA,NA,NA
17,Leslie Armstrong Park and Bearbrook Community Hall,Parc Leslie-Armstrong et salle communautaire de Bearbrook,NA,NA,8720 Russell Rd,"8720, ch. Russell",1,MAY,JUL,05:00,23:00,NA,05:00,05:00,23:00,NA,05:00,23:00,NA,05:00,23:00,NA,05:00,23:00,NA,05:00,23:00,NA,1,0,0,0,0,311,1,-75.33722548,45.38355049,OTTAWA,23:00,NA,NA,NA,NA,NA,NA,NA,NA
18,De la Salle Public High School,École secondaire publique De la Salle,NA,NA,501 Old St. Patrick St.,"501, rue St. Patrick",1,MAY,SEP,05:00,23:00,NA,05:00,05:00,23:00,NA,05:00,23:00,NA,05:00,23:00,NA,05:00,23:00,NA,05:00,23:00,NA,1,0,0,0,0,311,1,-75.68424578,45.43501428,OTTAWA,23:00,NA,NA,NA,NA,NA,NA,NA,NA
19,Point Restaurant Road Allowance,NA,NA,NA,Bishop Davis Dr. at Lane St.,prom. Bishop Davis à rue Lane,1,MAY,SEP,05:00,23:00,NA,05:00,05:00,23:00,NA,05:00,23:00,NA,05:00,23:00,NA,05:00,23:00,NA,05:00,23:00,NA,1,0,0,0,0,311,1,-76.07641075,45.49897919,OTTAWA,23:00,NA,NA,NA,NA,NA,NA,NA,NA
20,Laroche Park,Parc Laroche,NA,NA,52 Bayview Rd.,"52, ch. Bayview",1,MAY,OCT,05:00,23:00,NA,05:00,05:00,23:00,NA,05:00,23:00,NA,05:00,23:00,NA,05:00,23:00,NA,05:00,23:00,NA,1,0,0,0,0,311,1,-75.72780483,45.4087743,OTTAWA,23:00,NA,NA,NA,NA,NA,NA,NA,NA
21,Harkness Park,Parc Harkness,NA,NA,6020 Piperville Rd.,"6020, ch. Piperville",1,MAY,OCT,05:00,23:00,NA,05:00,05:00,23:00,NA,05:00,23:00,NA,05:00,23:00,NA,05:00,23:00,NA,05:00,23:00,NA,1,0,0,0,0,311,1,-75.46462782,45.36514881,OTTAWA,23:00,NA,NA,NA,NA,NA,NA,NA,NA
22,Lytle Park (Nepean),Parc Lytle (Nepean),NA,NA,4401 O'Keefe Crt.,"4401, cour O'Keefe",1,MAY,OCT,05:00,23:00,NA,05:00,05:00,23:00,NA,05:00,23:00,NA,05:00,23:00,NA,05:00,23:00,NA,05:00,23:00,NA,1,0,0,0,0,311,1,-75.79298433,45.27456622,OTTAWA,23:00,NA,NA,NA,NA,NA,NA,NA,NA
23,Leitrim Park,Parc Leitrim,NA,NA,3290 Leitrim Rd.,"3290, ch. Leitrim",1,MAY,OCT,05:00,23:00,NA,05:00,05:00,23:00,NA,05:00,23:00,NA,05:00,23:00,NA,05:00,23:00,NA,05:00,23:00,NA,1,0,0,0,0,311,1,-75.59402586,45.32970958,OTTAWA,23:00,NA,NA,NA,NA,NA,NA,NA,NA
24,Munster North Park,Parc Munster Nord,NA,NA,2778 Munster Rd.,"2778, ch. Munster",1,MAY,SEP,05:00,23:00,NA,05:00,05:00,23:00,NA,05:00,23:00,NA,05:00,23:00,NA,05:00,23:00,NA,05:00,23:00,NA,1,0,0,0,0,311,1,-75.94470122,45.16780019,OTTAWA,23:00,NA,NA,NA,NA,NA,NA,NA,NA
25,Boat Launch Road Allowance,NA,NA,NA,Ritchie Ave. at Bayview Dr.,av. Ritchie à prom. Bayview,1,MAY,SEP,05:00,23:00,NA,05:00,05:00,23:00,NA,05:00,23:00,NA,05:00,23:00,NA,05:00,23:00,NA,05:00,23:00,NA,1,0,0,0,0,311,1,-76.10457655,45.49987098,OTTAWA,23:00,NA,NA,NA,NA,NA,NA,NA,NA
26,Auger's Beach Road Allowance,NA,NA,NA,Bayview Dr,prom. Bayview,1,MAY,SEP,05:00,23:00,NA,05:00,05:00,23:00,NA,05:00,23:00,NA,05:00,23:00,NA,05:00,23:00,NA,05:00,23:00,NA,1,0,0,0,0,311,1,-76.08586716,45.50610773,OTTAWA,23:00,NA,NA,NA,NA,NA,NA,NA,NA
27,Kaladar Park,Parc Kaladar,NA,NA,2554 Kaladar Ave.,"2554, av. Kaladar",1,MAY,OCT,05:00,23:00,NA,05:00,05:00,23:00,NA,05:00,23:00,NA,05:00,23:00,NA,05:00,23:00,NA,05:00,23:00,NA,1,0,0,0,0,311,1,-75.67289721,45.37367807,OTTAWA,23:00,NA,NA,NA,NA,NA,NA,NA,NA
28,Westwood Park,Parc Westwood,NA,NA,2000 Saville Row,"2000, rang Saville",1,MAY,AUG,05:00,23:00,NA,05:00,05:00,23:00,NA,05:00,23:00,NA,05:00,23:00,NA,05:00,23:00,NA,05:00,23:00,NA,1,0,0,0,0,311,1,-75.7671481,45.37765616,OTTAWA,23:00,NA,NA,NA,NA,NA,NA,NA,NA
29,Nepean Creek Park / Charmaine Hooper Fields,Parc Nepean Creek / Terrains Charmaine-Hooper,NA,NA,15 Colonnade Rd,"15, ch. Colonnade",1,MAY,SEP,05:00,23:00,NA,05:00,05:00,23:00,NA,05:00,23:00,NA,05:00,23:00,NA,05:00,23:00,NA,05:00,23:00,NA,1,0,0,0,0,311,1,-75.71681312,45.34460506,OTTAWA,23:00,NA,NA,NA,NA,NA,NA,NA,NA
30,Petrie Island Park,Parc de l'Île Petrie,NA,NA,727 Trim Rd,"727, ch. Trim",1,MAY,OCT,05:00,23:00,NA,05:00,05:00,23:00,NA,05:00,23:00,NA,05:00,23:00,NA,05:00,23:00,NA,05:00,23:00,NA,1,0,0,0,0,311,1,-75.49226614,45.50526405,OTTAWA,23:00,NA,NA,NA,NA,NA,NA,NA,NA
31,Cumberland Millenium Sports Park,Parc sportif millennium de Cumberland,NA,NA,100 Millennium Blvd.,"100, boul. Millennium",1,MAY,SEP,05:00,23:00,NA,05:00,05:00,23:00,NA,05:00,23:00,NA,05:00,23:00,NA,05:00,23:00,NA,05:00,23:00,NA,1,0,0,0,0,311,1,-75.44744131,45.46543437,OTTAWA,23:00,NA,NA,NA,NA,NA,NA,NA,NA
32,W.C. Levesque Fields,Terrains W.-C.-Levesque,NA,NA,52 Riverstone Dr.,"52, prom. Riverstone",1,MAY,OCT,05:00,23:00,NA,05:00,05:00,23:00,NA,05:00,23:00,NA,05:00,23:00,NA,05:00,23:00,NA,05:00,23:00,NA,1,0,0,0,0,311,1,-75.7283835,45.26211106,OTTAWA,23:00,NA,NA,NA,NA,NA,NA,NA,NA
33,Kilborn Allotment Garden,Jardins Collectifs Kilborn,NA,NA,1975 Kilborn Ave.,"1975, av. Kilborn",1,APR,OCT,05:00,23:00,NA,05:00,05:00,23:00,NA,05:00,23:00,NA,05:00,23:00,NA,05:00,23:00,NA,05:00,23:00,NA,1,0,0,0,0,311,1,-75.63720423,45.38887549,OTTAWA,23:00,NA,NA,NA,NA,NA,NA,NA,NA
34,Claudette Cain Park,Parc Claudette-Cain,NA,NA,660 River Rd,"660, ch. River",1,MAY,SEP,05:00,23:00,NA,05:00,05:00,23:00,NA,05:00,23:00,NA,05:00,23:00,NA,05:00,23:00,NA,05:00,23:00,NA,1,0,0,0,0,311,1,-75.6985714,45.2730309,OTTAWA,23:00,NA,NA,NA,NA,NA,NA,NA,NA
35,Stuemer Park,Parc Stuemer,NA,NA,777 Trim Rd,"777, ch. Trim",1,APR,OCT,05:00,23:00,NA,05:00,05:00,23:00,NA,05:00,23:00,NA,05:00,23:00,NA,05:00,23:00,NA,05:00,23:00,NA,1,0,0,0,1,311,1,-75.48818011,45.50540125,OTTAWA,23:00,NA,NA,NA,NA,NA,NA,NA,NA
36,Andrew Haydon Park,Parc Andrew-Haydon,NA,NA,3127 Carling Ave,"3127, av. Carling",1,APR,OCT,05:00,23:00,NA,05:00,05:00,23:00,NA,05:00,23:00,NA,05:00,23:00,NA,05:00,23:00,NA,05:00,23:00,NA,1,0,0,0,1,311,1,-75.82045703,45.34923585,OTTAWA,23:00,NA,NA,NA,NA,NA,NA,NA,NA
37,Britannia Park,Parc Britannia,NA,NA,2805 Carling Ave,"2805, av. Carling",1,APR,OCT,05:00,23:00,NA,05:00,05:00,23:00,NA,05:00,23:00,NA,05:00,23:00,NA,05:00,23:00,NA,05:00,23:00,NA,1,0,0,0,0,311,1,-75.80009998,45.36381656,OTTAWA,23:00,NA,NA,NA,NA,NA,NA,NA,NA
38,Claudette Cain Park,Parc Claudette-Cain,NA,NA,660 River Rd,"660, ch. River",1,MAY,AUG,05:00,23:00,NA,05:00,05:00,23:00,NA,05:00,23:00,NA,05:00,23:00,NA,05:00,23:00,NA,05:00,23:00,NA,1,0,0,0,0,311,1,-75.69942113,45.27144973,OTTAWA,23:00,NA,NA,NA,NA,NA,NA,NA,NA
39,Dogwood Park and Munter Hamlet Community Centre,Parc Dogwood et Centre communautaire de Munster-Hamlet,NA,NA,2890 Munster Rd.,"2890, ch. Munster",1,MAY,SEP,05:00,23:00,NA,05:00,05:00,23:00,NA,05:00,23:00,NA,05:00,23:00,NA,05:00,23:00,NA,05:00,23:00,NA,1,0,0,0,0,311,1,-75.93934378,45.16368392,OTTAWA,23:00,NA,NA,NA,NA,NA,NA,NA,NA
40,Clarke Fields Park,Parc Clarke Fields,NA,NA,93 Houlahan St.,"93, rue Houlahan",1,MAY,OCT,05:00,23:00,NA,05:00,05:00,23:00,NA,05:00,23:00,NA,05:00,23:00,NA,05:00,23:00,NA,05:00,23:00,NA,1,0,0,0,0,311,1,-75.76909844,45.26087723,OTTAWA,23:00,NA,NA,NA,NA,NA,NA,NA,NA
41,Brewer Park,Parc Brewer,NA,NA,100 Brewer Way,"100, voie Brewer",1,MAY,OCT,05:00,23:00,NA,05:00,05:00,23:00,NA,05:00,23:00,NA,05:00,23:00,NA,05:00,23:00,NA,05:00,23:00,NA,1,0,0,0,0,311,1,-75.68988054,45.38738019,OTTAWA,23:00,NA,NA,NA,NA,NA,NA,NA,NA
42,Deevy Pines Park,Parc Deevy Pines,NA,NA,65 Stonehaven Dr.,65 prom. Stonehaven,1,MAY,SEP,05:00,23:00,NA,05:00,05:00,23:00,NA,05:00,23:00,NA,05:00,23:00,NA,05:00,23:00,NA,05:00,23:00,NA,1,0,0,0,0,311,1,-75.85692822,45.28857985,OTTAWA,23:00,NA,NA,NA,NA,NA,NA,NA,NA
43,Deevy Pines Park,Parc Deevy Pines,NA,NA,65 Stonehaven Dr.,65 prom. Stonehaven,1,MAY,JUN,05:00,23:00,NA,05:00,05:00,23:00,NA,05:00,23:00,NA,05:00,23:00,NA,05:00,23:00,NA,05:00,23:00,NA,1,0,0,0,0,311,1,-75.8568931,45.28855346,OTTAWA,23:00,NA,NA,NA,NA,NA,NA,NA,NA
44,Glebe Community Centre,Centre communautaire Glebe,RECREATION,INSTALLATIONS DE LOISIRS,175 THIRD AVE   ,175 avenue Third,0,NA,NA,09:00,04:00,"closed July, August & holidays",09:00,09:00,20:30,closed holidays,09:00,20:30,closed holidays,09:00,20:30,closed holidays,09:00,20:30,close at 6:00 pm July & August and on holidays,09:00,16:00,closed for holidays,0,1,NA,0,2,311,0,-75.69149493,45.40210734,OTTAWA,20:30,"close at 6:00 pm July & August, closed holidays","Fermé en juillet, en août et les jours fériés",Fermeture à 18 h en juillet et en août; fermé les jours fériés,Fermé les jours fériés,Fermé les jours fériés,Fermé les jours fériés,"Fermeture à 18 h en juillet, en août et les jours fériés",Fermé les jours fériés
45,OC Transpo St. Laurent Administration Building,Édifice administratif d’OC Transpo du boul. St-Laurent,CIVIC ADMINISTRATION,ADMINISTRATION MUNICIPALE,1500 ST. LAURENT BLVD  ,1500 BOUL ST. LAURENT,0,NA,NA,Closed,Closed,NA,08:00,08:00,17:00,NA,08:00,17:00,NA,08:00,17:00,NA,08:00,17:00,NA,Closed,Closed,NA,0,0,0,0,3,311,0,-75.63192959,45.41331513,OTTAWA,17:00,NA,NA,NA,NA,NA,NA,NA,NA
46,Shenkman Arts Centre,Centre des Arts Shenkman,ARTS AND CULTURE,"ARTS ET CULTURE
ARTS ET CULTURE",245 CENTRUM BLVD  ,"245, BOUL. CENTRUM",0,NA,NA,08:30,22:30,NA,08:30,08:30,22:30,NA,08:30,22:30,NA,08:30,22:30,NA,08:30,22:30,NA,08:30,22:30,NA,0,1,0,1,2,311,0,-75.51135606,45.48062418,OTTAWA,22:30,NA,NA,NA,NA,NA,NA,NA,NA
47,McNabb CC,Centre communautaire McNabb,RECREATION,INSTALLATIONS DE LOISIRS,180 PERCY ST,"180, RUE PERCY",0,NA,NA,09:00,20:00,NA,08:00,08:00,22:00,NA,08:00,22:00,NA,08:00,22:00,NA,08:00,22:00,NA,08:00,20:00,NA,0,1,0,0,1,311,0,-75.7027421,45.40948533,OTTAWA,22:00,NA,NA,NA,NA,NA,NA,NA,NA
48,Metcalfe CC & Larry Robinson Arena,Centre communautaire Metcalfe et aréna Larry-Robinson,RECREATION,INSTALLATIONS DE LOISIRS,2785 8TH LINE RD    ,"2785, CH. 8TH LINE",0,NA,NA,08:00,22:00,April-Sept only open when booked,08:00,08:00,22:00,April-Sept only open when booked,08:00,22:00,April-Sept only open when booked,08:00,22:00,April-Sept only open when booked,08:00,22:00,April-Sept only open when booked,08:00,22:00,April-Sept only open when booked,1,1,NA,NA,1,311,0,-75.46839252,45.22990722,OTTAWA,22:00,April-Sept only open when booked,"D'avril à septembre, ouvert seulement sur réservation","D'avril à septembre, ouvert seulement sur réservation","D'avril à septembre, ouvert seulement sur réservation","D'avril à septembre, ouvert seulement sur réservation","D'avril à septembre, ouvert seulement sur réservation","D'avril à septembre, ouvert seulement sur réservation","D'avril à septembre, ouvert seulement sur réservation"
49,"Ottawa Public Library Vanier Branch
","Bibliothèque publique d’Ottawa Succursale Vanier
",ARTS AND CULTURE,"ARTS ET CULTURE
ARTS ET CULTURE",310 DES PERES BLANCS AVE,310 AV DES PERES BLANCS,0,NA,NA,Closed,Closed,NA,10:00,10:00,20:30,NA,10:00,20:30,NA,13:00,18:00,NA,13:00,18:00,NA,10:00,17:00,NA,0,1,0,0,1,311,0,-75.65923636,45.44386387,OTTAWA,20:30,NA,NA,NA,NA,NA,NA,NA,NA
50,Centre Richelieu Community Centre,Centre communautaire Richelieu,RECREATION,INSTALLATIONS DE LOISIRS,300 DES PERES BLANCS AVE   ,"300, AV. DES PERES-BLANCS",0,NA,NA,09:00,16:00,NA,09:00,09:00,20:00,NA,09:00,20:00,NA,09:00,20:00,NA,09:00,20:00,NA,09:00,16:00,NA,0,1,0,0,3,311,0,-75.65948693,45.44392594,OTTAWA,20:00,NA,NA,NA,NA,NA,NA,NA,NA
51,Mooneys Bay Beach Building,Mooneys Bay Beach Building,RECREATION,INSTALLATIONS DE LOISIRS,2960 RIVERSIDE DR    ,"2960, PROM. RIVERSIDE",1,MAY,SEP,10:30,19:00,NA,10:30,10:30,21:00,NA,10:30,21:00,NA,10:30,21:00,NA,10:30,19:00,NA,10:30,19:00,NA,1,1,0,1,1,311,0,-75.69143374,45.36643186,OTTAWA,21:00,NA,NA,NA,NA,NA,NA,NA,NA
52,Constance and Buckham’s Bay Community Centre,Centre communautaire de Constance et Buckham’s Bay,RECREATION,INSTALLATIONS DE LOISIRS,262 LEN PURCELL DR    ,"262, PROM. LEN PURCELL",0,NA,NA,NA,NA,NA,16:30,16:30,20:30,NA,NA,NA,NA,16:30,20:30,NA,NA,NA,NA,10:00,12:00,NA,NA,1,0,1,2,311,0,-76.09339202,45.49904106,OTTAWA,20:30,NA,NA,NA,NA,NA,NA,NA,NA
53,Heron Rd Multi-Service Cntr.,Centre multi-services du chemin Heron,RECREATION,INSTALLATIONS DE LOISIRS,1480 HERON RD    ,"1480, CH. HERON",0,NA,NA,09:00,17:00,NA,08:00,08:00,21:00,NA,08:00,21:00,NA,08:00,21:00,NA,08:00,21:00,NA,09:00,17:00,NA,0,1,1,0,2,311,0,-75.65398914,45.37899873,OTTAWA,21:00,NA,NA,NA,NA,NA,NA,NA,NA
54,Hintonburg CC,Hintonburg CC,RECREATION,INSTALLATIONS DE LOISIRS,1064 WELLINGTON ST    W ,"1064, RUE WELLINGTON O.",0,NA,NA,09:30,16:00,NA,09:00,09:00,22:00,NA,09:00,22:00,NA,09:00,22:00,NA,09:00,22:00,NA,09:00,16:30,NA,0,1,0,0,3,311,0,-75.72429606,45.40358536,OTTAWA,22:00,NA,NA,NA,NA,NA,NA,NA,NA
55,Canterbury Community Centre,Centre Communautaire Canterbury,RECREATION,INSTALLATIONS DE LOISIRS,2185 ARCH ST    ,"2185, RUE ARCH",0,NA,NA,09:00,18:00,NA,09:00,09:00,18:00,NA,09:00,18:00,NA,09:00,18:00,NA,09:00,18:00,NA,09:00,18:00,NA,0,1,1,0,1,311,0,-75.63000011,45.39093704,OTTAWA,18:00,NA,NA,NA,NA,NA,NA,NA,NA
56,"Ottawa Public Library Munster Hamlet Branch
Ottawa Public Library Munster Hamlet Branch
","Bibliothèque publique d’Ottawa Succursale Munster Hamlet
",ARTS AND CULTURE,"ARTS ET CULTURE
ARTS ET CULTURE",7749 BLEEKS RD    ,7749 CH BLEEKS,0,NA,NA,Closed,Closed,NA,xxxx,xxxx,xxxx,"2:30 PM-5:30 PM, 6:30 PM-8:30 PM",xxxx,xxxx,"2:30 PM-5:30 PM, 6:30 PM-8:30 PM",xxxx,xxxx,"2:30 PM-5:30 PM, 6:30 PM-8:30 PM",Closed,Closed,NA,10:00,14:00,NA,0,1,0,0,0,311,0,-75.93915801,45.16528021,OTTAWA,xxxx,"2:30 PM-5:30 PM, 6:30 PM-8:30 PM",NA,"14 h 30 à 17 h 30, 18 h 30 à 20 h 30","14 h 30 à 17 h 30, 18 h 30 à 20 h 30","14 h 30 à 17 h 30, 18 h 30 à 20 h 30","14 h 30 à 17 h 30, 18 h 30 à 20 h 30",NA,NA
57,Dalhousie Community Centre,Centre communautaire Dalhousie,RECREATION,INSTALLATIONS DE LOISIRS,755 SOMERSET ST    W ,"755, RUE SOMERSET O.",0,NA,NA,Closed,Closed,NA,08:00,08:00,21:00,closed last 2 weeks in Dec,08:00,21:00,closed last 2 weeks in Dec,08:00,21:00,closed last 2 weeks in Dec,08:00,16:00,closed last 2 weeks in Dec,Closed,Closed,NA,0,1,0,0,3,311,0,-75.70901655,45.41057493,OTTAWA,21:00,closed last 2 weeks in Dec,NA,Fermé les deux dernières semaines de décembre,Fermé les deux dernières semaines de décembre,Fermé les deux dernières semaines de décembre,Fermé les deux dernières semaines de décembre,Fermé les deux dernières semaines de décembre,NA
58,Lowertown Cmplx,Lowertown Cmplx,RECREATION,INSTALLATIONS DE LOISIRS,40 COBOURG ST    ,"40, RUE COBOURG",0,NA,NA,09:00,16:00,NA,09:00,09:00,20:00,NA,09:00,20:00,NA,06:30,20:00,NA,09:00,18:00,NA,09:00,16:00,NA,0,0,0,0,2,311,0,-75.68129607,45.43445184,OTTAWA,21:00,NA,NA,NA,NA,NA,NA,NA,NA
59,Routhier School CC,Centre communautaire de l’école Routhier,RECREATION,INSTALLATIONS DE LOISIRS,172 GUIGUES AVE   ,"172, AV. GUIGUES",1,SEP,JUN,Closed,Closed,NA,09:00,09:00,20:30,NA,09:00,20:30,NA,09:00,21:30,NA,09:00,17:00,NA,09:00,17:00,NA,0,1,NA,NA,3,311,0,-75.69150328,45.43206529,OTTAWA,20:30,NA,NA,NA,NA,NA,NA,NA,NA
60,Ben Franklin Place,Place-Ben-Franklin,CIVIC ADMINISTRATION,ADMINISTRATION MUNICIPALE,101 CENTREPOINTE DR    ,"101, PROM. CENTREPOINTE",0,NA,NA,07:00,23:00,NA,07:00,07:00,23:00,NA,07:00,23:00,NA,07:00,23:00,NA,07:00,23:00,NA,07:00,23:00,NA,0,1,0,0,2,311,0,-75.76295519,45.34448515,OTTAWA,23:00,NA,NA,NA,NA,NA,NA,NA,NA
61,Pinecrest Recreation Complex,Complexe récréatif Pinecrest,RECREATION,INSTALLATIONS DE LOISIRS,2250 TORQUAY AVE   ,"2250, AV. TORQUAY",0,NA,NA,08:00,19:00,NA,07:00,07:00,21:00,NA,07:00,21:00,NA,07:00,21:00,NA,07:00,20:00,NA,08:00,19:00,NA,0,1,0,NA,2,311,0,-75.77291263,45.3479203,OTTAWA,21:00,NA,NA,NA,NA,NA,NA,NA,NA
62,Plant Bath Recreation Centre,Centre récréatif Plant,RECREATION,INSTALLATIONS DE LOISIRS,930 SOMERSET ST    W ,"930, RUE SOMERSET O.",0,NA,NA,08:00,18:00,NA,07:00,07:00,21:30,NA,07:00,21:30,NA,07:00,21:30,NA,07:00,21:30,NA,08:00,18:00,NA,0,1,1,1,3,311,0,-75.71429131,45.40799782,OTTAWA,21:30,NA,NA,NA,NA,NA,NA,NA,NA
63,Britannia Park,Parc Britannia,NA,NA,2805 Carling Ave,"2805, av. Carling",1,MAY,AUG,05:00,23:00,NA,05:00,05:00,23:00,NA,05:00,23:00,NA,05:00,23:00,NA,05:00,23:00,NA,05:00,23:00,NA,1,0,0,0,0,311,1,-75.80009998,45.36381656,OTTAWA,23:00,NA,NA,NA,NA,NA,NA,NA,NA
64,Ken Ross Park,Parc Ken-Ross,NA,NA,600 Longfields Dr.,"600, prom. Longfields",1,MAY,AUG,05:00,23:00,NA,05:00,05:00,23:00,NA,05:00,23:00,NA,05:00,23:00,NA,05:00,23:00,NA,05:00,23:00,NA,1,0,0,0,1,311,1,-75.74332373,45.28379152,OTTAWA,23:00,NA,NA,NA,NA,NA,NA,NA,NA
65,Mooney's Bay Park,Parc Mooney's Bay,NA,NA,2960 Riverside Drive,"2960, prom. Riverside",1,APR,OCT,05:00,23:00,NA,05:00,05:00,23:00,NA,05:00,23:00,NA,05:00,23:00,NA,05:00,23:00,NA,05:00,23:00,NA,1,0,0,0,0,311,1,-75.69192362,45.36737229,OTTAWA,23:00,NA,NA,NA,NA,NA,NA,NA,NA
66,Mooney's Bay Park,Parc Mooney's Bay,NA,NA,2960 Riverside Drive,"2960, prom. Riverside",1,APR,OCT,05:00,23:00,NA,05:00,05:00,23:00,NA,05:00,23:00,NA,05:00,23:00,NA,05:00,23:00,NA,05:00,23:00,NA,1,0,0,0,1,311,1,-75.69192362,45.36737229,OTTAWA,23:00,NA,NA,NA,NA,NA,NA,NA,NA
67,Half Moon Bay Park,Parc Half Moon Bay,NA,NA,3525 Cambrian Rd.,"3525, ch. Cambrian",1,JUN,SEP,05:00,23:00,NA,05:00,05:00,23:00,NA,05:00,23:00,NA,05:00,23:00,NA,05:00,23:00,NA,05:00,23:00,NA,1,0,0,0,0,311,1,-75.72838325,45.26212963,OTTAWA,23:00,NA,NA,NA,NA,NA,NA,NA,NA
68,Andrew Haydon Park,Parc Andrew-Haydon,NA,NA,3127 Carling Ave,"3127, av. Carling",1,APR,OCT,05:00,23:00,NA,05:00,05:00,23:00,NA,05:00,23:00,NA,05:00,23:00,NA,05:00,23:00,NA,05:00,23:00,NA,1,0,0,0,1,311,1,-75.82045703,45.34923585,OTTAWA,23:00,NA,NA,NA,NA,NA,NA,NA,NA
69,Point Restaurant Road Allowance,NA,NA,NA,Bishop Davis Dr. at Lane St.,prom. Bishop Davis à rue Lane,1,MAY,SEP,05:00,23:00,NA,05:00,05:00,23:00,NA,05:00,23:00,NA,05:00,23:00,NA,05:00,23:00,NA,05:00,23:00,NA,1,0,0,0,0,311,1,-76.07639036,45.49898959,OTTAWA,23:00,NA,NA,NA,NA,NA,NA,NA,NA
70,Leitrim Park,Parc Leitrim,NA,NA,3290 Leitrim Rd.,"3290, ch. Leitrim",1,MAY,OCT,05:00,23:00,NA,05:00,05:00,23:00,NA,05:00,23:00,NA,05:00,23:00,NA,05:00,23:00,NA,05:00,23:00,NA,1,0,0,0,0,311,1,-75.59389513,45.32986449,OTTAWA,23:00,NA,NA,NA,NA,NA,NA,NA,NA
71,Kars Recreation Centre,Centre récréatif de Kars,NA,NA,1604 Old Wellington St.,"1604, rue Old Wellington",1,MAY,OCT,05:00,23:00,NA,05:00,05:00,23:00,NA,05:00,23:00,NA,05:00,23:00,NA,05:00,23:00,NA,05:00,23:00,NA,1,0,0,0,0,311,1,-75.6487088,45.1490209,OTTAWA,23:00,NA,NA,NA,NA,NA,NA,NA,NA
72,Brantwood Park,Parc Brantwood,NA,NA,39 Onslow Cres.,"39, crois. Onslow",1,MAY,SEP,05:00,23:00,NA,05:00,05:00,23:00,NA,05:00,23:00,NA,05:00,23:00,NA,05:00,23:00,NA,05:00,23:00,NA,1,0,0,0,0,311,1,-75.67265362,45.40755677,OTTAWA,23:00,NA,NA,NA,NA,NA,NA,NA,NA
73,Ludger Landry Park,Parc Ludger-Landry,NA,NA,4825 Piperville Rd.,"4825, ch. Piperville",1,MAY,AUG,05:00,23:00,NA,05:00,05:00,23:00,NA,05:00,23:00,NA,05:00,23:00,NA,05:00,23:00,NA,05:00,23:00,NA,1,0,0,0,0,311,1,-75.51849399,45.34599117,OTTAWA,23:00,NA,NA,NA,NA,NA,NA,NA,NA
74,Ron Kolbus Lakeside Centre,Centre Ron-Kolbus Lakeside,RECREATION,INSTALLATIONS DE LOISIRS,102 Greenview Ave.,"102, ave  Greenview",0,NA,NA,Closed,Closed,Summer Open 11:00 AM to 7:00 PM,09:00,09:00,17:00,Summer Open 9:00 AM to 9:00 PM,09:00,17:00,Summer Open 9:00 AM to 9:00 PM,09:00,17:00,Summer Open 9:00 AM to 9:00 PM,09:00,17:00,Summer Open 9:00 AM to 9:00 PM,Closed,Closed,Summer Open 11:00 AM to 7:00 PM,0,1,0,1,2,311,0,-75.80133901,45.36373964,OTTAWA,17:00,Summer Open 9:00 AM to 9:00 PM,"Durant l'été, ouvert de 11 h à 19 h","Durant l'été, ouvert de 9 h à 21 h","Durant l'été, ouvert de 9 h à 21 h","Durant l'été, ouvert de 9 h à 21 h","Durant l'été, ouvert de 9 h à 21 h","Durant l'été, ouvert de 9 h à 21 h","Durant l'été, ouvert de 11 h à 19 h"
75,Britannia Park: Beach Bldgs,Parc Britannia – Bâtiments de la plage,RECREATION,INSTALLATIONS DE LOISIRS,102 GREENVIEW AVE,"2805, AV. CARLING",1,MAY,SEP,10:30,19:00,NA,10:30,10:30,21:00,NA,10:30,21:00,NA,10:30,21:00,NA,10:30,19:00,NA,10:30,19:00,NA,1,1,0,1,1,311,0,-75.80202218,45.36425033,OTTAWA,21:00,NA,NA,NA,NA,NA,NA,NA,NA
76,West Division Patrol Facility,Installation de la division Ouest,PROTECTIVE SERVICES,SERVICES DE PROTECTION,211 HUNTMAR DR    ,211 PROM HUNTMAR,0,NA,NA,08:00,16:00,NA,07:00,07:00,21:00,NA,07:00,21:00,NA,07:00,21:00,NA,07:00,21:00,NA,08:00,16:00,NA,0,1,0,1,3,311,0,-75.92693556,45.29314624,OTTAWA,21:00,NA,NA,NA,NA,NA,NA,NA,NA
77,"Ottawa Public Library Orleans Branch
","Bibliothèque publique d’Ottawa Succursale Orléans
",ARTS AND CULTURE,"ARTS ET CULTURE
ARTS ET CULTURE",1705 ORLEANS BLVD  ,1705 BOUL ORLEANS,0,NA,NA,13:00,17:00,Closed early June to early September,10:00,10:00,20:30,NA,10:00,20:30,NA,10:00,20:30,NA,13:00,18:00,NA,10:00,17:00,NA,0,1,0,0,2,311,0,-75.52388204,45.45652518,OTTAWA,20:30,NA,Fermée du début juin au début septembre,NA,NA,NA,NA,NA,NA
78,Nepean Sportsplex,Sportsplex de Nepean,RECREATION,INSTALLATIONS DE LOISIRS,1645 WOODROFFE AVE   ,"1701, AV. WOODROFFE",0,NA,NA,08:00,21:00,8 am to 8 pm on Statutory Holidays,06:00,06:00,23:00,8 am to 8 pm on Statutory Holidays,06:00,23:00,8 am to 8 pm on Statutory Holidays,06:00,23:00,8 am to 8 pm on Statutory Holidays,06:00,22:00,8 am to 8 pm on Statutory Holidays,08:00,21:00,8 am to 8 pm on Statutory Holidays,1,1,0,0,2,311,0,-75.74563349,45.32655443,OTTAWA,23:00,8 am to 8 pm on Statutory Holidays,8 h à 20 h les jours fériés,8 h à 20 h les jours fériés,8 h à 20 h les jours fériés,8 h à 20 h les jours fériés,8 h à 20 h les jours fériés,8 h à 20 h les jours fériés,8 h à 20 h les jours fériés
79,Minto Recreation Complex,Complexe récréatif Minto – Barrhaven,RECREATION,INSTALLATIONS DE LOISIRS,3559 GREENBANK RD    ,3559 CH GREENBANK,0,NA,NA,07:00,20:30,NA,06:00,06:00,22:00,NA,06:00,22:00,NA,06:00,22:00,NA,06:00,22:00,NA,07:00,21:00,NA,NA,NA,NA,NA,3,311,0,-75.73455561,45.25310532,OTTAWA,22:00,NA,NA,NA,NA,NA,NA,NA,NA
80,Ottawa East Community Centre,Centre communautaire d'Ottawa-Est,RECREATION,INSTALLATIONS DE LOISIRS,61 MAIN ST    ,"61, RUE MAIN",1,SEP,JUN,09:30,12:30,NA,13:00,13:00,20:30,NA,13:00,20:30,NA,13:00,20:30,NA,13:00,17:00,NA,xxxx,xxxx,closed,0,0,0,0,0,311,0,-75.67988373,45.41299484,OTTAWA,20:30,NA,NA,NA,NA,NA,NA,NA,Fermé
81,Osgoode Historical Society & Museum,Le Musée et société historique du canton d'Osgoode ,ARTS AND CULTURE,"ARTS ET CULTURE
ARTS ET CULTURE",7814 LAWRENCE ST    ,"7814, RUE LAWRENCE",0,NA,NA,xxxx,xxxx,Closed,xxxx,09:00,17:00,NA,09:00,17:00,NA,09:00,17:00,NA,09:00,17:00,NA,09:00,17:00,NA,NA,0,0,0,1,311,0,-75.462366,45.15993122,OTTAWA,xxxx,Closed,Fermé,Fermé,NA,NA,NA,NA,NA
82,Ray Friel Recreation Complex,Complexe récréatif Ray-Friel,RECREATION,INSTALLATIONS DE LOISIRS,1585 TENTH LINE RD    ,"1585, CH. TENTH LINE",0,NA,NA,08:00,20:00,NA,06:00,06:00,22:00,NA,06:00,22:00,NA,06:00,22:00,NA,06:00,22:00,NA,08:00,20:00,NA,1,1,0,0,3,311,0,-75.49310865,45.47201819,OTTAWA,22:00,NA,NA,NA,NA,NA,NA,NA,NA
83,Jack Purcell Community Centre,"Centre communautaire Jack-Purcell
",RECREATION,INSTALLATIONS DE LOISIRS,320 JACK PURCELL LANE  ,"320, RLE. JACK PURCELL",0,NA,NA,21:00,20:00,NA,07:30,07:30,21:00,NA,07:30,21:00,NA,07:30,21:00,NA,07:30,21:00,NA,08:30,21:00,NA,0,1,0,0,3,311,0,-75.68966408,45.41575243,OTTAWA,21:00,NA,NA,NA,NA,NA,NA,NA,NA
84,Fitzroy Harbour CC,Centre Communautaire de Fitzroy Harbour,RECREATION,INSTALLATIONS DE LOISIRS,100 CLIFFORD CAMPBELL ST    ,"100, RUE CLIFFORD CAMPBELL",0,NA,NA,NA,NA,NA,17:30,NA,NA,NA,NA,NA,NA,17:30,20:30,NA,NA,NA,NA,10:00,13:00,NA,NA,0,0,1,1,311,0,-76.20625797,45.4701353,OTTAWA,20:30,NA,NA,NA,NA,NA,NA,NA,NA
85,"Ottawa Public Library Manotick Branch
","Bibliothèque publique d’Ottawa Succursale Manotick
",ARTS AND CULTURE,"ARTS ET CULTURE
ARTS ET CULTURE",5499 SOUTH RIVER DR    ,5499 PROM SOUTH RIVER,0,NA,NA,Closed,Closed,NA,Closed,10:00,20:30,NA,10:00,20:30,NA,10:00,20:30,NA,13:00,18:00,NA,10:00,17:00,NA,0,1,0,0,1,311,0,-75.67940135,45.23034009,OTTAWA,Closed,NA,NA,NA,NA,NA,NA,NA,NA
86,SSD District Office - 370 Catherine Admin Space,"Bureau de district des services sociaux – 370, rue Catherine (bureaux administratifs)",CIVIC ADMINISTRATION,ADMINISTRATION MUNICIPALE,370 CATHERINE ST    ,370 RUE CATHERINE,0,NA,NA,Closed,Closed,NA,08:30,08:30,16:30,8:00-4:00 Jun-Aug,08:30,16:30,8:00-4:00 Jun-Aug,08:30,16:30,8:00-4:00 Jun-Aug,08:30,16:30,8:00-4:00 Jun-Aug,Closed,Closed,NA,NA,1,0,1,2,311,0,-75.69749399999999,45.40680121,OTTAWA,16:30,8:00-4:00 Jun-Aug,NA,"8 h à 16 h, de juin à août","8 h à 16 h, de juin à août","8 h à 16 h, de juin à août","8 h à 16 h, de juin à août","8 h à 16 h, de juin à août",NA
87,Michele Heights CC,Centre communautaire Michele Heights,RECREATION,INSTALLATIONS DE LOISIRS,2955 MICHELE DR    ,"2955, PROM. MICHÈLE",1,SEP,JUN,NA,NA,NA,09:00,09:00,20:00,NA,09:00,20:00,NA,09:00,20:00,NA,09:00,21:00,NA,09:00,23:30,NA,NA,0,0,0,3,311,0,-75.8019692,45.35459527,OTTAWA,20:00,NA,NA,NA,NA,NA,NA,NA,NA
88,Police East Division Headquarters,Quartier général de la police (division Est),PROTECTIVE SERVICES,SERVICES DE PROTECTION,3343 ST. JOSEPH BLVD  ,3343 BOUL ST. JOSEPH,0,NA,NA,08:00,16:00,NA,07:00,07:00,21:00,NA,07:00,21:00,NA,07:00,21:00,NA,07:00,21:00,NA,08:00,16:00,NA,0,0,0,0,1,311,0,-75.50036471,45.48424556,OTTAWA,21:00,NA,NA,NA,NA,NA,NA,NA,NA
89,Police: Central Headquarters,Police – Quartier général (division Centre),PROTECTIVE SERVICES,SERVICES DE PROTECTION,474 ELGIN ST    ,474 RUE ELGIN,0,NA,NA,07:00,21:00,NA,07:00,07:00,21:00,NA,07:00,21:00,NA,07:00,21:00,NA,07:00,21:00,NA,07:00,21:00,NA,1,0,0,1,3,311,0,-75.68646263,45.41227748,OTTAWA,21:00,NA,NA,NA,NA,NA,NA,NA,NA
90,Rockcliffe Park CC,Centre communautaire du parc Rockcliffe,RECREATION,INSTALLATIONS DE LOISIRS,380 SPRINGFIELD RD    ,380 CH SPRINGFIELD,0,NA,NA,Closed,Closed,NA,10:00,13:00,20:30,NA,10:00,17:00,NA,13:00,20:30,NA,14:00,18:00,NA,10:00,14:00,NA,NA,0,0,0,2,311,0,-75.67868436,45.45083677,OTTAWA,17:00,NA,NA,NA,NA,NA,NA,NA,NA
91,"Ottawa Public Library Vernon Branch
","Bibliothèque publique d’Ottawa Succursale Vernon
",ARTS AND CULTURE,"ARTS ET CULTURE
ARTS ET CULTURE",8682 BANK ST    ,8682 RUE BANK,0,NA,NA,Closed,Closed,NA,Closed,xxxx,xxxx,"10:00 am-1:00 pm, 5:30 pm-8:30pm",15:00,20:30,NA,17:30,20:30,NA,Closed,Closed,NA,10:00,14:00,NA,0,1,0,0,1,311,0,-75.46377516,45.16322879,OTTAWA,Closed,NA,NA,NA,"10 h à 13 h, 17 h 30 à 20 h 30",NA,NA,NA,NA
92,Pat Clark Community Centre,Centre communautaire Pat Clark,RECREATION,INSTALLATIONS DE LOISIRS,4355 HALMONT DR    ,"4355, PROM. HALMONT",0,NA,NA,09:00,13:00,NA,09:00,09:00,20:00,NA,09:00,21:00,NA,09:00,21:00,NA,09:00,21:00,NA,09:00,13:00,NA,0,1,NA,0,2,311,0,-75.61974798,45.42864188,OTTAWA,21:00,NA,NA,NA,NA,NA,NA,NA,NA
93,Employment and Resource Centre,Centre de ressources à l'emploi,CIVIC ADMINISTRATION,ADMINISTRATION MUNICIPALE,2020 WALKLEY RD    ,2020 CH WALKLEY,0,NA,NA,Closed,Closed,NA,08:30,08:30,16:30,8:00-4:00 Jun-Aug,08:30,16:30,8:00-4:00 Jun-Aug,08:30,16:30,8:00-4:00 Jun-Aug,08:30,16:30,8:00-4:00 Jun-Aug,Closed,Closed,NA,NA,1,0,1,1,311,0,-75.62857676,45.38357544,OTTAWA,16:30,8:00-4:00 Jun-Aug,NA,"8 h à 16 h, de juin à août","8 h à 16 h, de juin à août","8 h à 16 h, de juin à août","8 h à 16 h, de juin à août","8 h à 16 h, de juin à août",NA
94,Dempsey CC,Centre communautaire Dempsey,RECREATION,INSTALLATIONS DE LOISIRS,1816 ST. LAURENT BLVD  ,"1895, CH. RUSSELL",0,NA,NA,09:00,03:30,NA,09:00,09:00,20:30,NA,09:00,08:30,NA,09:00,20:00,NA,09:00,16:00,NA,09:00,01:00,NA,0,1,0,0,2,311,0,-75.62768429,45.40258303,OTTAWA,22:30,NA,NA,NA,NA,NA,NA,NA,NA
95,"Ottawa Public Library Alta Vista Branch
","Bibliothèque publique d’Ottawa Succursale Alta Vista
",ARTS AND CULTURE,"ARTS ET CULTURE
ARTS ET CULTURE",2516 ALTA VISTA DR    ,2516 PROM ALTA VISTA,0,NA,NA,Closed,Closed,NA,10:00,10:00,20:30,NA,10:00,20:30,NA,10:00,20:30,NA,13:00,18:00,NA,10:00,17:00,NA,0,1,0,0,1,311,0,-75.6617765,45.37817302,OTTAWA,20:30,NA,NA,NA,NA,NA,NA,NA,NA
96,"Ottawa Public Library Carlingwood Branch
","Bibliothèque publique d’Ottawa Succursale Carlingwood
",ARTS AND CULTURE,"ARTS ET CULTURE
ARTS ET CULTURE",281 WOODROFFE AVE   ,281 AV WOODROFFE,0,NA,NA,Closed,Closed,NA,10:00,10:00,20:30,NA,10:00,20:30,NA,10:00,20:30,NA,13:00,18:00,NA,10:00,17:00,NA,0,1,0,0,3,311,0,-75.77178842000001,45.37323794,OTTAWA,20:30,NA,NA,NA,NA,NA,NA,NA,NA
97,South Fallingbrook Community Centre,Centre Communautaire South Fallingbrook,RECREATION,INSTALLATIONS DE LOISIRS,998 Valin,998 Valin,0,NA,NA,08:30,17:00,NA,08:00,08:00,22:00,NA,08:00,22:00,NA,08:00,22:00,NA,08:00,20:00,NA,09:00,14:00,NA,0,1,0,0,1,311,0,-75.46148728,45.4709579,OTTAWA,22:00,NA,NA,NA,NA,NA,NA,NA,NA
98,West Carleton Community Complex Offices,Bureaux du complexe communautaire de West Carleton,CIVIC ADMINISTRATION,ADMINISTRATION MUNICIPALE,5670 CARP RD    ,5670 CH CARP,0,NA,NA,Closed,Closed,NA,07:00,07:00,17:00,NA,07:00,17:00,NA,07:00,17:00,NA,07:00,17:00,NA,Closed,Closed,NA,0,1,0,0,1,311,0,-76.14744635,45.41596522,OTTAWA,17:00,NA,NA,NA,NA,NA,NA,NA,NA
99,St. Laurent Complex/Don Gamble Community Centre,Complexe St. Laurent – Centre communautaire Don Gamble,RECREATION,INSTALLATIONS DE LOISIRS,525 COTE ST    ,"525, RUE CÔTÉ",0,NA,NA,07:00,20:00,NA,06:00,06:00,22:00,NA,06:00,22:00,NA,06:00,22:00,NA,06:00,22:00,NA,07:00,20:00,NA,0,1,0,1,3,311,0,-75.64781758,45.43630137,OTTAWA,22:00,NA,NA,NA,NA,NA,NA,NA,NA
100,"Ottawa Public Library Blackburn Hamlet Branch
","Bibliothèque publique d’Ottawa Succursale Blackburn Hamlet
",ARTS AND CULTURE,"ARTS ET CULTURE
ARTS ET CULTURE",199 GLEN PARK DR,"199, PROM GLEN PARK",0,NA,NA,Closed,Closed,NA,10:00,10:00,20:30,NA,10:00,20:30,NA,10:00,20:30,NA,13:00,18:00,NA,10:00,17:00,NA,0,1,0,0,2,311,0,-75.56427733,45.43056654,OTTAWA,20:30,NA,NA,NA,NA,NA,NA,NA,NA
101,Notre-Dame-des-Champs Community Centre,Centre communautaire Notre-Dame-des-Champs,RECREATION,INSTALLATIONS DE LOISIRS,3659 NAVAN RD    ,"3659, CH. NAVAN",1,JUN,AUG,10:00,16:00,NA,NA,NA,NA,NA,NA,NA,NA,NA,NA,NA,NA,NA,NA,10:00,16:00,NA,NA,1,0,1,2,311,0,-75.49236027,45.4273274,OTTAWA,NA,NA,NA,NA,NA,NA,NA,NA,NA
102,Billings Estate Museum: Main House,Musée du domaine Billings: La maison principale,ARTS AND CULTURE,"ARTS ET CULTURE
ARTS ET CULTURE",2100 CABOT ST    ,"2100, RUE CABOT",1,MAY,OCT,10:00,17:00,Times may vary for special events and/or programs.,Closed,Closed,Closed,NA,10:00,17:00,Times may vary for special events and/or programs.,10:00,17:00,Times may vary for special events and/or programs.,10:00,17:00,Times may vary for special events and/or programs.,10:00,17:00,Times may vary for special events and/or programs.,0,NA,NA,NA,1,311,0,-75.6726996,45.38975471,OTTAWA,Closed,NA,L'horaire peut varier pour les événements et programmes spéciaux.,NA,NA,L'horaire peut varier pour les événements et programmes spéciaux.,L'horaire peut varier pour les événements et programmes spéciaux.,L'horaire peut varier pour les événements et programmes spéciaux.,L'horaire peut varier pour les événements et programmes spéciaux.
103,Aquaview Community Hall,Salle Communautaire Aquaview,RECREATION,INSTALLATIONS DE LOISIRS,318 AQUAVIEW DR    ,"318, PROM. AQUAVIEW",0,NA,NA,NA,NA,NA,08:30,08:30,18:00,NA,08:30,18:00,NA,08:30,18:00,NA,08:30,18:00,NA,NA,NA,NA,0,1,0,0,1,311,0,-75.47797594,45.45321195,OTTAWA,20:00,NA,NA,NA,NA,NA,NA,NA,NA
104,Arts Court,Cour des Arts,ARTS AND CULTURE,"ARTS ET CULTURE
ARTS ET CULTURE",2 DALY AVE   ,"2, AV. DALY",0,NA,NA,09:00,23:00,NA,09:00,09:00,23:00,NA,09:00,23:00,NA,09:00,23:00,NA,09:00,23:00,NA,09:00,23:00,NA,0,1,NA,NA,2,311,0,-75.68880523,45.42544266,OTTAWA,23:00,NA,NA,NA,NA,NA,NA,NA,NA
105,Canterbury Pool,Piscine Canterbury,RECREATION,INSTALLATIONS DE LOISIRS,2185 ARCH ST    ,2185 RUE ARCH,0,NA,NA,09:00,18:00,NA,09:00,09:00,21:00,NA,09:00,21:00,NA,09:00,21:00,NA,09:00,22:00,NA,09:00,18:30,NA,0,1,1,0,1,311,0,-75.62943736,45.3904448,OTTAWA,21:00,NA,NA,NA,NA,NA,NA,NA,NA
106,Hunt Club Riverside CC,Centre communautaire Hunt Club Riverside,RECREATION,INSTALLATIONS DE LOISIRS,3320 PAUL ANKA DR    ,"3320, PROM. PAUL ANKA",0,NA,NA,08:30,17:00,NA,07:00,07:00,21:00,NA,07:00,21:00,NA,07:00,21:00,NA,07:00,21:00,NA,08:30,17:00,NA,0,1,0,0,3,311,0,-75.67281137,45.35214816,OTTAWA,21:00,NA,NA,NA,NA,NA,NA,NA,NA
107,Cumberland Museum - Washrooms/Canteen,Musée-village du patrimoine de Cumberland - Toilettes/cantine,ARTS AND CULTURE,"ARTS ET CULTURE
ARTS ET CULTURE",2940 OLD MONTREAL RD    ,"2940, CH. OLD MONTREAL",1,MAY,OCT,10:00,17:00,December - 3 pm - 8 pm,NA,NA,NA,NA,10:00,17:00,NA,10:00,17:00,NA,10:00,17:00,December - 3 pm - 8 pm,10:00,17:00,December - 3 pm - 8 pm,0,1,NA,NA,2,311,0,-75.38976511,45.51658034,OTTAWA,NA,NA,Décembre – 15 h à 20 h,NA,NA,NA,NA,Décembre – 15 h à 20 h,Décembre – 15 h à 20 h
108,Overbrook Community Centre,Centre Communautaire Overbrook,RECREATION,INSTALLATIONS DE LOISIRS,33 QUILL ST    ,"33, RUE QUILL",0,NA,NA,09:00,19:00,NA,09:00,09:00,22:00,NA,09:00,22:00,NA,09:00,22:00,NA,09:00,10:00,NA,09:00,20:00,NA,0,1,1,NA,3,311,0,-75.65680825,45.4255313,OTTAWA,22:00,NA,NA,NA,NA,NA,NA,NA,NA
109,Sawmill Creek Pool and Community Centre,Piscine et centre communautaire Sawmill Creek,RECREATION,INSTALLATIONS DE LOISIRS,3380 D'AOUST AVE   ,"3380, AV. D'AOUST",0,NA,NA,08:30,15:00,NA,08:00,07:00,21:00,NA,08:00,20:30,NA,07:00,21:00,NA,08:00,20:30,NA,08:30,15:00,NA,0,1,1,1,3,311,0,-75.63633423,45.34972733,OTTAWA,20:30,NA,NA,NA,NA,NA,NA,NA,NA
110,Eccolands Park Comfort Station,Bloc sanitaire du parc Eccolands,RECREATION,INSTALLATIONS DE LOISIRS,334 RIVER RD    ,"334, CH. RIVER",1,APR,SEP,05:00,23:00,NA,05:00,05:00,23:00,NA,05:00,23:00,NA,05:00,23:00,NA,05:00,11:00,NA,05:00,23:00,NA,NA,0,0,0,1,311,0,-75.6961695,45.31462643,OTTAWA,23:00,NA,NA,NA,NA,NA,NA,NA,NA
111,"Ottawa Public Library Centennial Branch
","Bibliothèque publique d’Ottawa Succursale Centennial
",ARTS AND CULTURE,"ARTS ET CULTURE
ARTS ET CULTURE",3870 OLD RICHMOND RD    ,3870 CH OLD RICHMOND,0,NA,NA,Closed,Closed,NA,10:00,10:00,20:30,NA,10:00,20:30,NA,10:00,20:30,NA,13:00,18:00,NA,10:00,17:00,NA,0,1,0,0,1,311,0,-75.82566474,45.32115392,OTTAWA,20:30,NA,NA,NA,NA,NA,NA,NA,NA
112,Jim Durrell Recreation Centre,Centre récréatif Jim-Durrell,RECREATION,INSTALLATIONS DE LOISIRS,1265 WALKLEY RD    ,"1265, CH. WALKLEY",0,NA,NA,09:00,21:00,NA,09:00,09:00,21:00,NA,09:00,21:00,NA,09:00,21:00,NA,09:00,21:00,NA,09:00,21:00,NA,0,0,0,0,2,311,0,-75.6590559,45.37330447,OTTAWA,21:00,NA,NA,NA,NA,NA,NA,NA,NA
113,2670 Queensview Drive,"2670, promenade Queensview",GENERAL PURPOSE,USAGES MULTIPLES,2670 QUEENSVIEW DR    ,2670 PROM QUEENSVIEW,0,NA,NA,Closed,Closed,NA,07:30,07:30,05:30,NA,07:30,05:30,NA,07:30,05:30,NA,07:30,05:30,NA,Closed,Closed,NA,0,0,0,1,3,311,0,-75.78592567,45.35270316,OTTAWA,05:30,NA,NA,NA,NA,NA,NA,NA,NA
114,Rideauview Community Centre,Centre communautaire Rideauview,RECREATION,INSTALLATIONS DE LOISIRS,4310 SHORELINE DR    ,"4310, PROM. SHORELINE",0,NA,NA,Closed,Closed,NA,09:00,09:00,18:00,NA,09:00,18:00,NA,09:00,18:00,NA,09:00,18:00,NA,Closed,Closed,NA,0,1,0,0,3,311,0,-75.68740012,45.27737445,OTTAWA,18:00,NA,NA,NA,NA,NA,NA,NA,NA
115,"Ottawa Public Library North Gower Branch
","Bibliothèque publique d’Ottawa Succursale North Gower
",ARTS AND CULTURE,"ARTS ET CULTURE
ARTS ET CULTURE",6579 FOURTH LINE RD    ,6579 CH FOURTH LINE,0,NA,NA,Closed,Closed,NA,17:00,10:00,20:30,NA,xxxx,xxxx,"10:00 AM-12:30 PM, 1:00 PM-5:00 PM",13:00,20:30,NA,Closed,Closed,NA,10:00,14:00,NA,0,1,0,0,0,311,0,-75.71752986,45.13292966,OTTAWA,20:30,NA,NA,NA,NA,"10 h à 12 h 30, 13 h à 17 h",NA,NA,NA
116,Osgoode Recreation Complex,Complexe récréatif d'Osgoode,RECREATION,INSTALLATIONS DE LOISIRS,5630 OSGOODE MAIN ST    ,5630 RUE OSGOODE MAIN,0,NA,NA,08:00,22:00,May-Sept  open when booked only,08:00,08:00,22:00,May-Sept  open when booked only,08:00,22:00,May-Sept  open when booked only,08:00,22:00,May-Sept  open when booked only,08:00,22:00,May-Sept  open when booked only,08:00,22:00,May-Sept  open when booked only,1,1,0,0,1,311,0,-75.60145128,45.14734982,OTTAWA,22:00,May-Sept  open when booked only,"De mai à septembre, ouvert seulement sur réservation","De mai à septembre, ouvert seulement sur réservation","De mai à septembre, ouvert seulement sur réservation","De mai à septembre, ouvert seulement sur réservation","De mai à septembre, ouvert seulement sur réservation","De mai à septembre, ouvert seulement sur réservation","De mai à septembre, ouvert seulement sur réservation"
117,Richmond Arena & CC,Centre communautaire et aréna Richmond,RECREATION,INSTALLATIONS DE LOISIRS,6095 PERTH ST    ,"6095, RUE PERTH",0,NA,NA,06:00,23:30,NA,06:00,06:00,22:00,NA,06:00,22:00,NA,06:00,22:00,NA,06:00,22:00,NA,06:00,23:30,NA,0,1,NA,NA,1,311,0,-75.8379417,45.19584128,OTTAWA,22:00,NA,NA,NA,NA,NA,NA,NA,NA
118,Pinhey's Point Historic Site: Estate Building,Lieu historique de Pinhey's Point – Édifice immobilier  ,ARTS AND CULTURE,"ARTS ET CULTURE
ARTS ET CULTURE",270 PINHEY POINT RD    ,"270, CH. PINHEY POINT",1,MAY,AUG,10:00,17:00,Times may vary for special events and programs.,Closed,Closed,Closed,NA,10:00,17:00,Times may vary for special events and programs.,22:00,17:00,Times may vary for special events and programs.,10:00,17:00,Times may vary for special events and programs.,10:00,17:00,Times may vary for special events and programs.,0,0,0,0,1,311,0,-75.95328617,45.44048894,OTTAWA,Closed,NA,L'horaire peut varier pour les événements et programmes spéciaux.,NA,NA,L'horaire peut varier pour les événements et programmes spéciaux.,L'horaire peut varier pour les événements et programmes spéciaux.,L'horaire peut varier pour les événements et programmes spéciaux.,L'horaire peut varier pour les événements et programmes spéciaux.
119,Kanata Client Services Centre-580 Terry Fox Drive,"Centre du service à la clientèle de Kanata – 580, promenade Terry Fox",CIVIC ADMINISTRATION,ADMINISTRATION MUNICIPALE,580 TERRY FOX DR    ,580 PROM TERRY FOX,0,NA,NA,Closed,Closed,NA,08:30,08:30,16:30,NA,08:30,16:30,NA,08:30,16:30,NA,08:30,16:30,NA,Closed,Closed,NA,0,0,0,0,0,311,0,-75.90737372,45.30103033,OTTAWA,16:30,NA,NA,NA,NA,NA,NA,NA,NA
120,Eva James Community Centre,Centre communautaire Eva-James,RECREATION,INSTALLATIONS DE LOISIRS,65 STONEHAVEN DR    ,"65, PROM. STONEHAVEN",0,NA,NA,09:00,19:00,July and August Closed,09:00,09:00,21:00,July and August 8AM-5PM,09:00,21:00,July and August 8AM-5PM,09:00,21:00,July and August 8AM-5PM,09:00,21:00,July and August 8AM-5PM,09:00,17:00,July and August Closed,0,1,0,0,3,311,0,-75.85769892,45.29062514,OTTAWA,21:00,July and August 8AM-5PM,Fermé en juillet et en août,"En juillet et en août, 8 h à 17 h","En juillet et en août, 8 h à 17 h","En juillet et en août, 8 h à 17 h","En juillet et en août, 8 h à 17 h","En juillet et en août, 8 h à 17 h",Fermé en juillet et en août
121,Lansdowne Park: Aberdeen Pavilion,parc Lansdowne - Pavillon Aberdeen,RECREATION,INSTALLATIONS DE LOISIRS,945 BANK ST    ,945 RUE BANK,0,NA,NA,08:00,20:00,NA,08:00,08:00,20:00,NA,08:00,20:00,NA,08:00,20:00,NA,08:00,20:00,NA,08:00,20:00,NA,NA,1,0,0,2,311,0,-75.68253542,45.4001517,OTTAWA,20:00,NA,NA,NA,NA,NA,NA,NA,NA
122,"Ottawa Public Library North Gloucester Branch
","Bibliothèque publique d’Ottawa Succursale Gloucester Nord
",ARTS AND CULTURE,"ARTS ET CULTURE
ARTS ET CULTURE",2036 OGILVIE RD,2036 CH OGILVIE,0,NA,NA,13:00,17:00,Closed early June to early September,10:00,10:00,20:30,NA,10:00,20:30,NA,10:00,20:30,NA,13:00,18:00,NA,10:00,17:00,NA,0,1,0,0,2,311,0,-75.60077434,45.43810912,OTTAWA,20:30,NA,Fermée du début juin au début septembre,NA,NA,NA,NA,NA,NA
123,Splash Wave Pool,Piscine à vagues Splash,RECREATION,INSTALLATIONS DE LOISIRS,2040 OGILVIE RD,"2040, CH. OGILVIE",0,NA,NA,07:30,18:00,closed Mar 21-April 10,06:00,06:00,20:30,closed Mar 21-April 10,06:00,21:00,closed Mar 21-April 10,06:00,20:30,closed Mar 21-April 10,06:00,21:00,closed Mar 21-April 10,08:00,18:00,closed Mar 21-April 10,0,1,1,1,1,311,0,-75.60055933,45.43752146,OTTAWA,21:00,closed Mar 21-April 10,Fermée du 21 mars au 10 avril,Fermée du 21 mars au 10 avril,Fermée du 21 mars au 10 avril,Fermée du 21 mars au 10 avril,Fermée du 21 mars au 10 avril,Fermée du 21 mars au 10 avril,Fermée du 21 mars au 10 avril
124,Erskine Johnson Arena & CC,Aréna et centre communautaire W.-Erskine-Johnson,RECREATION,INSTALLATIONS DE LOISIRS,3832 CARP RD    ,"3832, CH. CARP",1,OCT,MAR,07:00,11:00,NA,09:30,09:30,23:00,NA,09:30,23:00,NA,09:30,23:00,NA,09:30,23:00,NA,07:00,11:00,NA,NA,0,0,0,1,311,0,-76.03909971,45.34916012,OTTAWA,23:00,NA,NA,NA,NA,NA,NA,NA,NA
125,"Ottawa Public Library Sunnyside Branch
","Bibliothèque publique d’Ottawa Succursale Sunnyside
",ARTS AND CULTURE,"ARTS ET CULTURE
ARTS ET CULTURE",1049 BANK ST    ,1049 RUE BANK,0,NA,NA,Closed,Closed,NA,10:00,10:00,20:30,NA,10:00,20:30,NA,10:00,20:30,NA,13:00,18:00,NA,10:00,17:00,NA,0,1,0,0,3,311,0,-75.68379435,45.39546707,OTTAWA,20:30,NA,NA,NA,NA,NA,NA,NA,NA
126,Terry Fox Main Bldg,Complexe récréatif Terry Fox,RECREATION,INSTALLATIONS DE LOISIRS,2960 RIVERSIDE DR    ,"2960, PROM. RIVERSIDE",1,MAY,OCT,09:00,17:00,NA,09:00,09:00,21:00,NA,09:00,21:00,NA,09:00,21:00,NA,09:00,21:00,NA,09:00,17:00,NA,0,0,0,0,3,311,0,-75.69138547,45.36983312,OTTAWA,21:00,NA,NA,NA,NA,NA,NA,NA,NA
127,Fred G. Barrett Arena,Aréna Fred- G.- Barrett,RECREATION,INSTALLATIONS DE LOISIRS,3280 LEITRIM RD,"3280, CH. LEITRIM",0,NA,NA,06:30,22:00,Closed May-Sept. unless booked,06:30,06:30,23:00,May-Sept closed at 10 pm,06:30,23:00,May-Sept closed at 10 pm,06:30,23:00,May-Sept closed at 10 pm,06:30,23:00,May-Sept closed at 10 pm,06:30,22:00,Closed May-Sept unless booked,1,1,0,0,2,311,0,-75.59750382,45.33118907,OTTAWA,23:00,May-Sept closed at 10 pm,"Fermé de mai à septembre, ouvert seulement sur réservation","De mai à septembre, fermeture à 22 h","De mai à septembre, fermeture à 22 h","De mai à septembre, fermeture à 22 h","De mai à septembre, fermeture à 22 h","De mai à septembre, fermeture à 22 h","Fermé de mai à septembre, sauf pour réservation"
128,"Ottawa Public Library Hazeldean Branch
","Bibliothèque publique d’Ottawa Succursale Hazeldean
",ARTS AND CULTURE,"ARTS ET CULTURE
ARTS ET CULTURE",50 CASTLEFRANK RD    ,50 CH CASTLEFRANK,0,NA,NA,13:00,17:00,Closed early June to early September,10:00,10:00,20:30,NA,10:00,20:30,NA,10:00,20:30,NA,13:00,18:00,NA,10:00,17:00,NA,0,1,0,0,1,311,0,-75.88626461,45.29544321,OTTAWA,20:30,NA,Fermée du début juin au début septembre,NA,NA,NA,NA,NA,NA
129,Kanata Leisure & Wave Pool Cntr,Centre des loisirs et piscine à vagues de Kanata,RECREATION,INSTALLATIONS DE LOISIRS,70 AIRD PL    ,"70, PLACE AIRD",0,NA,NA,07:00,19:30,Modified holiday hours may occur during the year,06:30,06:30,21:30,Modified holiday hours may occur during the year,06:30,21:30,Modified holiday hours may occur during the year,06:30,21:30,Modified holiday hours may occur during the year,06:30,21:00,Modified holiday hours may occur during the year,07:00,20:30,Modified holiday hours may occur during the year,0,1,0,0,1,311,0,-75.89929422,45.31142048,OTTAWA,21:30,Modified holiday hours may occur during the year,L'horaire des jours fériés peut être modifié.,L'horaire des jours fériés peut être modifié.,L'horaire des jours fériés peut être modifié.,L'horaire des jours fériés peut être modifié.,L'horaire des jours fériés peut être modifié.,L'horaire des jours fériés peut être modifié.,L'horaire des jours fériés peut être modifié.
130,Champagne Bath Pool,Piscine Bain Champagne,RECREATION,INSTALLATIONS DE LOISIRS,321 KING EDWARD AVE   ,"321, AV. KING EDWARD",0,NA,NA,09:00,16:30,NA,06:30,06:30,21:30,NA,06:30,21:30,NA,09:00,21:30,NA,06:30,21:00,NA,09:00,16:30,NA,0,0,0,0,2,311,0,-75.68671886999999,45.43065917,OTTAWA,21:30,NA,NA,NA,NA,NA,NA,NA,NA
131,Deborah Anne Kirwan Pool,Piscine Deborah-Anne-Kirwan,RECREATION,INSTALLATIONS DE LOISIRS,1300 KITCHENER AVE   ,"1300, AV. KITCHENER",0,NA,NA,08:30,17:00,NA,15:30,15:30,21:00,NA,15:30,21:00,NA,15:30,21:00,NA,15:30,19:00,NA,09:00,18:00,NA,0,1,0,0,2,311,0,-75.65760964,45.36736979,OTTAWA,21:00,NA,NA,NA,NA,NA,NA,NA,NA
132,Brewer Park Cmplx Pool,Complexe récréatif Brewer:piscine intérieure,RECREATION,INSTALLATIONS DE LOISIRS,196 HOPEWELL AVE   ,"100, VOIE BREWER",0,NA,NA,08:00,19:00,Closed in June. 10:30am to 3pm in July/August.,09:00,08:00,21:30,8:30am-4:30pm in June. 6:30am-9:30pm in July/Aug,07:30,21:30,8:30am-4:30pm in June. 6:30am-9:30pm in July/Aug,08:00,20:30,8:30am-4:30pm in June. 6:30am-9:30pm in July/Aug,09:00,21:00,8:30am-4:30pm in June. 6:30am-8:00pm in July/Aug,07:30,15:30,8:00am to 3:00pm in July/August,0,1,0,0,2,311,0,-75.69191557,45.38936085,OTTAWA,21:30,8:30am-4:30pm in June. 8:15am-9:30pm in July/Aug,Fermée en juin; 10 h 30 à 15 h en juillet et en août,8 h 30 à 16 h 30 en juin; 8 h 15 à 21 h 30 en juillet et en août,8 h 30 à 16 h 30 en juin; 6 h 30 à 21 h 30 en juillet et en août,8 h 30 à 16 h 30 en juin; 6 h 30 à 21 h 30 en juillet et en août,8 h 30 à 16 h 30 en juin; 6 h 30 à 21 h 30 en juillet et en août,8 h 30 à 16 h 30 en juin; 6 h 30 à 20 h en juillet et en août,8 h à 15 h en juillet et en août
133,"Ottawa Public Library Carp Branch
","Bibliothèque publique d’Ottawa Succursale Carp
",ARTS AND CULTURE,"ARTS ET CULTURE
ARTS ET CULTURE",3911 CARP RD    ,3911 CH CARP,0,NA,NA,Closed,Closed,NA,10:00,10:00,20:30,NA,10:00,20:30,NA,10:00,20:30,NA,13:00,18:00,NA,10:00,17:00,NA,0,1,0,0,1,311,0,-76.04703321,45.35107704,OTTAWA,18:00,NA,NA,NA,NA,NA,NA,NA,NA
134,Richcraft Recreation Complex,Complexe récréatif Richcraft,RECREATION,INSTALLATIONS DE LOISIRS,4101 INNOVATION DR    ,"4101, PROM. INNOVATION",0,NA,NA,07:00,21:00,"Closed/Fermé September/Septembre 11-18, 2016",06:00,06:00,22:00,"Closed/Fermé September/Septembre 11-18, 2016",06:00,22:00,"Closed/Fermé September/Septembre 11-18, 2016",06:00,22:00,"Closed/Fermé September/Septembre 11-18, 2016",06:00,22:00,"Closed/Fermé September/Septembre 11-18, 2016",07:00,22:00,"Closed/Fermé September/Septembre 11-18, 2016",1,1,1,1,3,311,0,-75.92946016,45.34018993,OTTAWA,22:00,"Closed/Fermé September/Septembre 11-18, 2016",NA,NA,NA,NA,NA,NA,NA
135,Westboro Beach Building,Bâtiment de la plage Westboro,RECREATION,INSTALLATIONS DE LOISIRS,745 SIR JOHN A. MACDONALD PKY   ,"234, AV. ATLANTIS",1,MAY,AUG,xxxx,xxxx,Canteen operated weather dependent,xxxx,xxxx,xxxx,Canteen operated weather dependent,xxxx,xxxx,Canteen operated weather dependent,xxxx,xxxx,Canteen operated weather dependent,xxxx,xxxx,Canteen operated weather dependent,xxxx,xxxx,Canteen operated weather dependent,1,0,0,0,0,311,0,-75.76144228,45.39575353,OTTAWA,xxxx,Canteen operated weather dependent,Cantine ouverte en fonction de la météo,Cantine ouverte en fonction de la météo,Cantine ouverte en fonction de la météo,Cantine ouverte en fonction de la météo,Cantine ouverte en fonction de la météo,Cantine ouverte en fonction de la météo,Cantine ouverte en fonction de la météo
136,"Ottawa Public Library Richmond Branch
","Bibliothèque publique d’Ottawa Succursale Richmond
",ARTS AND CULTURE,"ARTS ET CULTURE
ARTS ET CULTURE",6240 PERTH ST    ,6240 RUE PERTH,0,NA,NA,Closed,Closed,NA,xxxx,xxxx,xxxx,"10:00 AM-12:30 PM,1:30 PM-5:00 PM, 6:00 PM-8:30 PM",xxxx,xxxx,"1:30 PM-5:00 PM, 6:00 PM-8:30 PM",xxxx,xxxx,"1:30 PM-5:00 PM, 6:00 PM-8:30 PM",13:30,17:00,NA,10:00,14:00,NA,0,1,0,0,1,311,0,-75.84383756,45.19070427,OTTAWA,xxxx,"1:30 PM-5:00 PM, 6:00 PM-8:30 PM",<Null>,"13 h 30 à 17 h, 18 h à 20 h 30","10 h à 12 h 30, 13 h 30 à 17 h, 18 h à 20 h 30","13 h 30 à 17 h, 18 h à 20 h 30","13 h 30 à 17 h, 18 h à 20 h 30",NA,NA
137,"Ottawa Public Library Rideau Branch
","Bibliothèque publique d’Ottawa Succursale Rideau
",ARTS AND CULTURE,"ARTS ET CULTURE
ARTS ET CULTURE",377 RIDEAU ST    ,377 RUE RIDEAU,0,NA,NA,Closed,Closed,NA,10:00,10:00,20:30,NA,10:00,20:30,NA,10:00,20:30,NA,13:00,18:00,NA,10:00,17:00,NA,0,1,0,0,2,311,0,-75.68324674,45.43016527,OTTAWA,20:30,NA,NA,NA,NA,NA,NA,NA,NA
138,"Ottawa Public Library Rosemount Branch
","Bibliothèque publique d’Ottawa Succursale Rosemount
",ARTS AND CULTURE,"ARTS ET CULTURE
ARTS ET CULTURE",18 ROSEMOUNT AVE   ,18 AV ROSEMOUNT,0,NA,NA,Closed,Closed,NA,10:00,10:00,20:30,NA,10:00,20:30,NA,10:00,20:30,NA,13:00,18:00,NA,10:00,17:00,NA,0,1,0,0,1,311,0,-75.7262951,45.40165577,OTTAWA,20:30,NA,NA,NA,NA,NA,NA,NA,NA
139,"Ottawa Public Library Stittsville Branch
","Bibliothèque publique d’Ottawa Succursale Stittsville
",ARTS AND CULTURE,"ARTS ET CULTURE
ARTS ET CULTURE",1637 STITTSVILLE MAIN ST,1637 RUE STITTSVILLE MAIN,0,NA,NA,13:00,17:00,Closed early June to early September,10:00,10:00,20:30,NA,10:00,20:30,NA,10:00,20:30,NA,13:00,18:00,NA,10:00,17:00,NA,0,1,0,0,1,311,0,-75.91490069,45.25420905,OTTAWA,20:30,NA,Fermée du début juin au début septembre,NA,NA,NA,NA,NA,NA
140,Carleton Heights CC,Centre Communautaire Carleton Heights,RECREATION,INSTALLATIONS DE LOISIRS,1665 APELDOORN AVE   ,"1665, AV. APELDOORN",0,NA,NA,09:30,14:30,NA,09:00,09:00,16:00,6 to 9 PM,09:00,16:00,6 to 9 PM,09:00,16:00,6 to 9 PM,09:00,16:00,NA,09:30,14:30,NA,0,1,0,0,2,311,0,-75.70220361,45.35948377,OTTAWA,16:00,6 to 9 PM,NA,18 h à 21 h,18 h à 21 h,18 h à 21 h,18 h à 21 h,NA,NA
141,Rideau Museum & Archives,Musée et Archives de Rideau,ARTS AND CULTURE,"ARTS ET CULTURE
ARTS ET CULTURE",6581 FOURTH LINE RD    ,"6581, CH. FOURTH LINE",0,NA,NA,Closed,Closed,NA,Closed,09:30,16:30,NA,Closed,Closed,NA,Closed,Closed,NA,Closed,Closed,NA,Closed,Closed,NA,0,0,0,0,1,311,0,-75.71740018,45.1328278,OTTAWA,Closed,NA,NA,NA,NA,NA,NA,NA,NA
142,Nepean Museum (Traszha MacDowall Community Building),Musée de Nepean (édifice communautaire Traszha-MacDowall),ARTS AND CULTURE,"ARTS ET CULTURE
ARTS ET CULTURE",16 ROWLEY AVE   ,"16, AV. ROWLEY",0,NA,NA,13:00,16:00,NA,10:00,10:00,17:00,NA,10:00,17:00,NA,10:00,17:00,NA,10:00,17:00,NA,13:00,16:00,NA,0,0,0,0,1,311,0,-75.74143183,45.34919706,OTTAWA,17:00,NA,NA,NA,NA,NA,NA,NA,NA
143,City of Ottawa James Bartleman Centre Central Archives & Library Materials Management,Ville d’Ottawa Centre James Bartleman Archives central et Gestion des documents de la bibliothèque,ARTS AND CULTURE,"ARTS ET CULTURE
ARTS ET CULTURE",100 TALLWOOD DRIVE,"100, PROM. TALLWOOD",0,NA,NA,Closed,Closed,NA,08:00,08:00,16:00,NA,08:00,16:00,NA,08:00,16:00,NA,08:00,16:00,NA,10:00,17:00,NA,0,1,0,0,3,311,0,-75.75801165,45.34105342,OTTAWA,16:00,NA,NA,NA,NA,NA,NA,NA,NA
144,"Ottawa Public Library Elmvale Acres Branch
","Bibliothèque publique d’Ottawa Succursale Elmvale Acres
",ARTS AND CULTURE,"ARTS ET CULTURE
ARTS ET CULTURE",1910 ST. LAURENT BLVD  ,1910 BOUL ST. LAURENT,0,NA,NA,Closed,Closed,NA,10:00,10:00,20:30,NA,10:00,20:30,NA,10:00,20:30,NA,13:00,18:00,NA,10:00,17:00,NA,0,1,0,0,3,311,0,-75.62487973,45.39949335,OTTAWA,20:30,NA,NA,NA,NA,NA,NA,NA,NA
145,"Ottawa Public Library Emerald Plaza Branch
","Bibliothèque publique d’Ottawa Succursale Emerald Plaza
",ARTS AND CULTURE,"ARTS ET CULTURE
ARTS ET CULTURE",1547 MERIVALE RD    ,1547 CH MERIVALE,0,NA,NA,Closed,Closed,NA,10:00,10:00,20:30,NA,10:00,20:30,NA,10:00,20:30,NA,13:00,18:00,NA,10:00,17:00,NA,0,1,1,0,3,311,0,-75.733385,45.35472221,OTTAWA,20:30,NA,NA,NA,NA,NA,NA,NA,NA
146,"Ottawa Public Library Metcalfe Branch
","Bibliothèque publique d’Ottawa Succursale Metcalfe
",ARTS AND CULTURE,"ARTS ET CULTURE
ARTS ET CULTURE",2782 8TH LINE RD    ,2782 CH 8TH LINE,0,NA,NA,Closed,Closed,NA,17:30,xxxx,xxxx,"10:00 AM-1:00 PM, 5:30 PM-8:30PM",16:30,20:30,NA,xxxx,xxxx,"10:00 AM-1:00 PM, 5:30 PM-8:30PM",Closed,Closed,NA,10:00,14:00,NA,0,1,0,0,0,311,0,-75.46977721,45.22963534,OTTAWA,20:30,NA,NA,NA,"10 h à 13 h, 17 h 30 à 20 h 30",NA,"10 h à 13 h, 17 h 30 à 20 h 30",NA,NA
147,Manotick Arena,Aréna de Manotick,RECREATION,INSTALLATIONS DE LOISIRS,5572 DOCTOR LEACH DR    ,"5572, PROM. DOCTOR LEACH",0,NA,NA,08:00,22:00,April-Sept open when booked,08:00,08:00,22:00,April-Sept open when booked,08:00,22:00,April-Sept open when booked,08:00,22:00,April-Sept open when booked,08:00,22:00,April-Sept open when booked,08:00,22:00,April-Sept open when booked,1,1,0,NA,1,311,0,-75.68660911,45.22190226,OTTAWA,22:00,April-Sept open when booked,"D'avril à septembre, ouvert sur réservation","D'avril à septembre, ouvert sur réservation","D'avril à septembre, ouvert sur réservation","D'avril à septembre, ouvert sur réservation","D'avril à septembre, ouvert sur réservation","D'avril à septembre, ouvert sur réservation","D'avril à septembre, ouvert sur réservation"
148,Sandy Hill Community Centre,Centre Communautaire de Côte-de-Sable,RECREATION,INSTALLATIONS DE LOISIRS,250 SOMERSET ST    E ,"250, RUE SOMERSET E.",0,NA,NA,09:00,12:30,NA,09:00,09:00,21:00,NA,09:00,21:00,NA,09:00,21:00,NA,09:00,21:00,NA,10:00,17:00,closed July and August,0,0,0,0,2,311,0,-75.67762811,45.42273375,OTTAWA,21:00,NA,NA,NA,NA,NA,NA,NA,Fermé en juillet et en août
149,Johnny Leroux Stittsville Community Arena,Aréna communautaire de Stittsville Johnny-Leroux,RECREATION,INSTALLATIONS DE LOISIRS,10 WARNER COLPITTS LANE  ,10 RLE WARNER COLPITTS,0,NA,NA,06:00,23:00,Hall space 8 am to 10 pm,06:00,06:00,23:00,Hall open 8 am to 10 pm,06:00,23:00,Hall open 8 am to 10 pm,06:00,23:00,Hall open 8 am to 10 pm,06:00,23:00,Hall open 8 am to 10 pm,06:00,23:00,Hall available 8 am to 12 am,0,1,0,0,1,311,0,-75.92665428,45.2606526,OTTAWA,23:00,Hall open 8 am to 10 pm,Salle ouverte de 8 h à 22 h,Salle ouverte de 8 h à 22 h,Salle ouverte de 8 h à 22 h,Salle ouverte de 8 h à 22 h,Salle ouverte de 8 h à 22 h,Salle ouverte de 8 h à 22 h,Salle ouverte de 8 h à minuit
150,Alexander CC,Centre Communautaire Alexander,RECREATION,INSTALLATIONS DE LOISIRS,960 SILVER ST    ,"960, RUE SILVER",0,NA,NA,Closed,Closed,NA,10:00,10:00,21:00,NA,09:00,21:30,NA,10:00,21:00,NA,10:00,20:00,NA,09:00,17:00,NA,0,0,0,0,2,311,0,-75.73142083,45.3805287,OTTAWA,21:00,NA,NA,NA,NA,NA,NA,NA,NA
151,Beach Building,Édifice plage,RECREATION,INSTALLATIONS DE LOISIRS,795 TRIM RD    ,795 CH TRIM,1,MAY,SEP,10:30,19:00,NA,10:30,10:30,21:00,NA,10:30,21:00,NA,10:30,21:00,NA,10:30,19:00,NA,10:30,19:00,NA,1,1,0,0,1,311,0,-75.49108408,45.50575833,OTTAWA,21:00,NA,NA,NA,NA,NA,NA,NA,NA
152,Pierre Rocque Community Centre,Centre communautaire du parc Pierre-Rocque,RECREATION,INSTALLATIONS DE LOISIRS,1070 ST. PIERRE ST    ,"1257, AV. JOSEPH DROUIN",1,MAY,AUG,09:00,17:00,NA,17:00,17:00,21:00,NA,17:00,21:00,NA,17:00,21:00,NA,17:00,21:00,NA,09:00,17:00,NA,NA,0,0,0,1,311,0,-75.52600796,45.4742006,OTTAWA,21:00,NA,NA,NA,NA,NA,NA,NA,NA
153,Goulbourn Municipal Office,Bureau municipal de Goulbourn,CIVIC ADMINISTRATION,ADMINISTRATION MUNICIPALE,2121 HUNTLEY RD    ,2121 CH HUNTLEY,0,NA,NA,Closed,Closed,NA,08:30,08:30,16:30,NA,08:30,16:30,NA,08:30,16:30,NA,08:30,16:30,NA,Closed,Closed,NA,0,0,0,0,1,311,0,-75.90163679,45.23223406,OTTAWA,16:30,NA,NA,NA,NA,NA,NA,NA,NA
154,Goulbourn Recreation Complex,Complexe récréatif Goulbourn,RECREATION,INSTALLATIONS DE LOISIRS,1500 SHEA RD    ,"1500, CH. SHEA",0,NA,NA,07:00,22:00,Rinks 6 am to 11 pm,06:00,06:00,22:00,Rinks 6 am to 11 pm,06:00,22:00,Rinks 6 am to 11 pm,06:00,22:00,Rinks 6 am to 11 pm,06:00,22:00,Rinks 6 am to 12 am,06:00,22:00,Rinks 6 am to 12 am,1,1,0,NA,3,311,0,-75.90793647,45.26342199,OTTAWA,22:00,Rinks 6 am to 11 pm,Patinoires ouvertes de 6 h à 23 h,Patinoires ouvertes de 6 h à 23 h,Patinoires ouvertes de 6 h à 23 h,Patinoires ouvertes de 6 h à 23 h,Patinoires ouvertes de 6 h à 23 h,Patinoires ouvertes de 6 h à minuit,Patinoires ouvertes de 6 h à minuit
155,Cumberland/Centrum Municipal Office,Bureau municipal de Cumberland/Centrum,CIVIC ADMINISTRATION,ADMINISTRATION MUNICIPALE,255 CENTRUM BLVD  ,255 BOUL CENTRUM,0,NA,NA,Closed,Closed,NA,08:30,08:30,16:30,NA,08:30,16:30,NA,08:30,16:30,NA,08:30,16:30,NA,Closed,Closed,NA,0,0,0,0,1,311,0,-75.51029716,45.48109314,OTTAWA,16:30,NA,NA,NA,NA,NA,NA,NA,NA
156,Ottawa South Community Centre,Centre Communautaire d'Ottawa-Sud,RECREATION,INSTALLATIONS DE LOISIRS,260 SUNNYSIDE AVE   ,"260, PROM. SUNNYSIDE",0,NA,NA,09:00,05:00,"9:00am -1:00 July & August , closed on holidays",06:30,06:30,21:00,closed on statutory holidays,06:30,21:00,closed on statutory holidays,06:30,21:00,closed on statutory holidays,06:30,18:00,closed on staturoty holidays,08:00,17:00,9:00 am-1:00 pm July & August closed on holidays,0,1,NA,NA,1,311,0,-75.68181671,45.39467316,OTTAWA,09:00,closed on statutory holidays,9 h à 13 h en juillet et en août; fermé les jours fériés,Fermé les jours fériés,Fermé les jours fériés,Fermé les jours fériés,Fermé les jours fériés,Fermé les jours fériés,9 h à 13 h en juillet et en août; fermé les jours fériés
157,Greely CC,Centre communautaire Greely,RECREATION,INSTALLATIONS DE LOISIRS,1448 MEADOW DR    ,"1448, PROM. MEADOW",0,NA,NA,Closed,Closed,Open when booked,08:00,08:00,20:00,Closed 5 PM Jul/Aug,08:00,20:00,Closed 5 PM Jul/Aug,08:00,20:00,Closed 5 PM Jul/Aug,08:00,20:00,Closed 5 PM Jul/Aug,Closed,Closed,Open when booked,0,1,0,1,1,311,0,-75.55741654,45.26104882,OTTAWA,20:00,Closed 5 PM Jul/Aug,Ouvert sur réservation,Fermeture à 17 h en juillet et en août,Fermeture à 17 h en juillet et en août,Fermeture à 17 h en juillet et en août,Fermeture à 17 h en juillet et en août,Fermeture à 17 h en juillet et en août,Ouvert sur réservation
158,"Ottawa Public Library Greely Branch
Ottawa Public Library Greely Branch
","Bibliothèque publique d’Ottawa Succursale Greely
Bibliothèque publique d’Ottawa Succursale Greely
",ARTS AND CULTURE,"ARTS ET CULTURE
ARTS ET CULTURE",1448 MEADOW DR    ,1448 PROM MEADOW,0,NA,NA,Closed,Closed,NA,xxxx,10:00,13:00,NA,xxxx,xxxx,"10:00 AM-1:00 PM, 4:30 PM-8:30PM",16:30,20:30,NA,Closed,Closed,NA,10:00,14:00,NA,0,1,0,0,1,311,0,-75.5575958,45.26132345,OTTAWA,xxxx,"10:00 AM-1:00 PM, 4:30 PM-8:30PM",NA,"10 h à 13 h, 16 h 30 à 20 h 30",NA,"10 h à 13 h, 16 h 30 à 20 h 30",NA,NA,NA
159,"Ottawa Public Library Osgoode Branch
","Bibliothèque publique d’Ottawa Succursale Osgoode
",ARTS AND CULTURE,"ARTS ET CULTURE
ARTS ET CULTURE",5630 OSGOODE MAIN ST    ,5630 RUE OSGOODE MAIN,0,NA,NA,Closed,Closed,NA,xxxx,xxxx,xxxx,"10:00 AM-1:00 PM, 5:30 PM-8:30 PM",xxxx,xxxx,"2:00 PM-5:00 PM, 5:30 PM-8:30 PM",xxxx,xxxx,"2:00 PM-5:00 PM, 5:30 PM-8:30 PM",Closed,Closed,NA,10:00,14:00,NA,0,1,0,0,1,311,0,-75.60286836,45.14734272,OTTAWA,xxxx,"10:00 AM-1:00 PM, 2:00 PM-5:00 PM",NA,"10 h à 13 h, 14 h à 17 h","10 h à 13 h, 17 h 30 à 20 h 30","14 h à 17 h, 17 h 30 à 20 h 30","13 h 30 à 17 h, 18 h à 20 h 30",NA,NA
160,Ottawa City Hall - 110 Laurier Avenue West,"Hôtel de ville d'Ottawa – 110, avenue Laurier Ouest",CIVIC ADMINISTRATION,ADMINISTRATION MUNICIPALE,110 LAURIER AVE W,"110, AV. LAURIER O.",0,NA,NA,07:00,23:00,NA,07:00,07:00,23:00,NA,07:00,23:00,NA,07:00,23:00,NA,07:00,23:00,NA,07:00,23:00,NA,1,1,0,0,3,311,0,-75.6898715,45.42096107,OTTAWA,23:00,NA,NA,NA,NA,NA,NA,NA,NA
161,John G Mlacak Centre,Centre John G Mlacak ,RECREATION,INSTALLATIONS DE LOISIRS,2500 CAMPEAU DR    ,"2500, PROM. CAMPEAU",0,NA,NA,08:00,21:00,NA,08:00,08:00,21:00,NA,08:00,21:00,NA,08:00,21:00,NA,08:00,21:00,NA,08:00,21:00,NA,0,0,0,0,1,311,0,-75.8953011,45.3216182,OTTAWA,21:00,NA,NA,NA,NA,NA,NA,NA,NA
162,Albion Heatherington Community Centre,Centre Récréatif Albion-Heatherington,RECREATION,INSTALLATIONS DE LOISIRS,1560 HEATHERINGTON RD    ,"1560, CH. HEATHERINGTON",0,NA,NA,xxxx,xxxx,Open for bookings and special events only,09:00,09:00,19:00,NA,09:00,19:00,NA,09:00,19:00,NA,09:00,19:00,NA,xxxx,xxxx,"Open for bookings, special events only",0,1,0,0,1,311,0,-75.64793806,45.37318173,OTTAWA,19:00,NA,Ouvert sur réservation et pour les événements spéciaux seulement,NA,NA,NA,NA,NA,Ouvert sur réservation et pour les événements spéciaux seulement
163,Kanata Recreation Complex,Centre des loisirs de Kanata,RECREATION,INSTALLATIONS DE LOISIRS,100 CHARLIE ROGERS PL    ,"100, PLACE CHARLIE ROGERS",0,NA,NA,06:00,23:00,NA,06:00,06:00,23:00,NA,06:00,23:00,NA,06:00,23:00,NA,06:00,23:00,NA,06:00,23:00,NA,NA,1,0,0,3,311,0,-75.90141178,45.29424766,OTTAWA,23:00,NA,NA,NA,NA,NA,NA,NA,NA
164,Walter Baker Sports Centre,Centre sportif Walter-Baker,RECREATION,INSTALLATIONS DE LOISIRS,100 MALVERN DR    ,"100, CH. MALVERN",0,NA,NA,08:00,20:30,NA,08:00,08:00,22:00,NA,08:00,22:00,NA,08:00,22:00,NA,08:00,22:00,NA,08:00,20:30,NA,NA,1,1,1,3,311,0,-75.76153201,45.28038352,OTTAWA,22:00,NA,NA,NA,NA,NA,NA,NA,NA
165,Canterbury-Brian Kilrea Arena,Aréna Canterbury-Brian Kilrea ,RECREATION,INSTALLATIONS DE LOISIRS,2185 ARCH ST    ,2185 RUE ARCH,0,NA,NA,09:00,06:00,NA,09:00,09:00,21:00,NA,09:00,21:00,NA,09:00,21:00,NA,09:00,21:00,NA,09:00,18:00,NA,0,1,1,0,1,311,0,-75.62862586,45.39058679,OTTAWA,21:00,NA,NA,NA,NA,NA,NA,NA,NA
166,François Dupuis Rec Centre,Centre récréatif François-Dupuis,RECREATION,INSTALLATIONS DE LOISIRS,2263 PORTOBELLO BLVD  ,"2263, BOUL. PORTOBELLO",0,NA,NA,08:00,18:00,NA,07:00,07:00,21:30,NA,07:00,21:30,NA,07:00,21:30,NA,07:00,21:30,NA,08:00,19:30,NA,NA,1,0,1,3,311,0,-75.46310476,45.45450776,OTTAWA,21:30,NA,NA,NA,NA,NA,NA,NA,NA
167,Stittsville Museum,Musée de Stittsville ,ARTS AND CULTURE,"ARTS ET CULTURE
ARTS ET CULTURE",2060 HUNTLEY RD ,2060 CH HUNTLEY,0,NA,NA,13:00,16:00,NA,Closed,Closed,Closed,NA,13:00,16:00,NA,13:00,16:00,NA,13:00,16:00,NA,13:00,16:00,NA,0,0,0,0,1,311,0,-75.90566851,45.23448024,OTTAWA,Closed,NA,NA,NA,NA,NA,NA,NA,NA
168,Foster Farm CC & Day Care Facility,Centre communautaire et Foster Farm Child Care Centre,SOCIAL SERVICES,SERVICES SOCIAUX,1065 Ramsey Crescent,NA,0,NA,NA,NA,NA,NA,09:00,09:00,21:00,NA,09:00,21:00,NA,09:00,21:00,NA,09:00,17:00,NA,NA,NA,NA,NA,1,0,0,2,311,0,-75.79457892,45.34973338,OTTAWA,21:00,NA,NA,NA,NA,NA,NA,NA,NA
169,Greenboro CC,Centre communautaire Greenboro ,RECREATION,INSTALLATIONS DE LOISIRS,363 LORRY GREENBERG DR    ,"363, PROM. LORRY GREENBERG",0,NA,NA,08:00,20:00,NA,08:00,08:00,21:00,NA,08:00,21:00,NA,08:00,21:00,NA,08:00,21:00,NA,08:00,20:00,NA,0,0,0,0,2,311,0,-75.63560372,45.36346008,OTTAWA,21:00,NA,NA,NA,NA,NA,NA,NA,NA
170,Dovercourt Recreation Complex,Centre Récréatif Dovercourt,RECREATION,INSTALLATIONS DE LOISIRS,411 DOVERCOURT AVE   ,"411, AV. DOVERCOURT",0,NA,NA,06:30,20:30,NA,06:30,06:30,22:00,NA,06:30,22:00,NA,06:30,22:00,NA,06:30,21:00,NA,06:30,21:30,NA,0,1,0,NA,2,311,0,-75.75290153,45.38343021,OTTAWA,22:00,NA,NA,NA,NA,NA,NA,NA,NA
171,Bob MacQuarrie Recreation Complex - Orléans,Complexe récréatif Bob-MacQuarrie - Orléans,RECREATION,INSTALLATIONS DE LOISIRS,1490 YOUVILLE DR    ,"1490, CH. YOUVILLE",0,NA,NA,07:00,19:30,NA,06:00,06:00,22:00,NA,06:00,22:00,NA,06:00,22:00,NA,06:00,21:00,NA,07:30,19:30,NA,NA,1,1,1,2,311,0,-75.54510717,45.46633971,OTTAWA,22:00,NA,NA,NA,NA,NA,NA,NA,NA
172,Churchill Senior Recreation Centre,Centre récréatif pour les aînés Churchill,RECREATION,INSTALLATIONS DE LOISIRS,345 RICHMOND RD    ,"345, CH. RICHMOND",0,NA,NA,Closed,Closed,NA,08:30,08:30,16:00,NA,08:30,16:00,NA,08:30,16:00,NA,08:30,16:00,NA,Closed,Closed,NA,0,1,0,0,3,311,0,-75.75455198,45.39239531,OTTAWA,16:00,NA,NA,NA,NA,NA,NA,NA,NA
173,"Ottawa Public Library Main Library
","Bibliothèque publique d’Ottawa Bibliothèque Centrale
",ARTS AND CULTURE,"ARTS ET CULTURE
ARTS ET CULTURE",120 METCALFE ST,120 RUE METCALFE,0,NA,NA,13:00,17:00,Closed early June to early September,10:00,10:00,21:00,NA,10:00,21:00,NA,10:00,21:00,NA,10:00,18:00,NA,10:00,17:00,NA,0,1,0,0,2,311,0,-75.69538693,45.42023734,OTTAWA,21:00,NA,Fermée du début juin au début septembre,NA,NA,NA,NA,NA,NA
174,Wellington Street Seniors Centre,Centre pour aînés de la rue Wellington,RECREATION,INSTALLATIONS DE LOISIRS,1137 WELLINGTON ST    W ,"1137, RUE WELLINGTON",0,NA,NA,Closed,Closed,NA,08:30,08:30,16:00,NA,08:30,16:00,NA,08:30,16:00,NA,08:30,16:00,NA,Closed,Closed,NA,0,0,0,0,2,311,0,-75.726936,45.40210621,OTTAWA,16:00,NA,NA,NA,NA,NA,NA,NA,NA
175,Lansdowne Park: Horticultural Bldng,parc Lansdowne - l’Édifice de l’horticulture,RECREATION,INSTALLATIONS DE LOISIRS,945 BANK ST    ,945 RUE BANK,0,NA,NA,NA,NA,NA,08:00,08:00,17:00,NA,08:00,17:00,NA,08:00,17:00,NA,08:00,17:00,NA,NA,NA,NA,NA,1,NA,1,3,311,0,-75.68252043,45.40100479,OTTAWA,17:00,NA,NA,NA,NA,NA,NA,NA,NA
176,Mary Pitt Centre,Centre Mary-Pitt,CIVIC ADMINISTRATION,ADMINISTRATION MUNICIPALE,100 CONSTELLATION DR    ,100 PROM CONSTELLATION,0,NA,NA,Closed,Closed,NA,07:30,07:30,16:30,NA,07:30,16:30,NA,07:30,16:30,NA,07:30,16:30,NA,Closed,Closed,NA,0,1,0,0,1,311,0,-75.7639515,45.34573407,OTTAWA,16:30,NA,NA,NA,NA,NA,NA,NA,NA
177,Creative Arts Centre,Centre des Arts Créatifs,ARTS AND CULTURE,"ARTS ET CULTURE
ARTS ET CULTURE",35 STAFFORD RD    ,"35, CH. STAFFORD",0,NA,NA,xxxx,xxxx,hrs vary closed in summer,08:30,08:30,04:30,evening hrs vary,08:30,04:30,evening hrs vary,20:30,16:30,evening hrs vary,20:30,04:30,evening hrs vary,xxxx,xxxx,hrs vary closed in summer,NA,0,1,0,1,311,0,-75.821974,45.32856421,OTTAWA,04:30,evening hours vary,Horaire variable; fermé durant l'été,Horaire de soir variable,Horaire de soir variable,Horaire de soir variable,Horaire de soir variable,Horaire de soir variable,Horaire variable; fermé durant l'été
